studyID,partnerID,transformPartner,group,experimental,conf,Issue,F_Agree,F_Defend,G_Agree,G_Defend,P_Agree,P_Defend,A_Agree,A_Defend,B_Agree,B_Defend,R_Agree,R_Defend,CIH1,CIH2,CIH3,CIH4,CIH5,CIH6,CIH7,CIH8,CIH9,CIH10,CIH11,CIH12,CIH13,CIH14,CIH15,CIH16,CIH17,CIH18,CIH19,CIH20,CIH21,CIH22,PRCA1,PRCA2,PRCA3,PRCA4,PRCA5,PRCA6,PRCA7,PRCA8,PRCA9,PRCA10,PRCA11,PRCA12,CAA1,CAA2,CAA3,CAA4,CAA5,CAA6,CAA7,CAA8,CAA9,CAA10,CAA11,CAA12,CAA13,CAA14,CAA15,BFI1,BFI2,BFI3,BFI4,BFI5,BFI6,BFI7,BFI8,BFI9,BFI10,BFI11,BFI12,BFI13,BFI14,BFI15,IRI1,IRI2,IRI3,IRI4,IRI5,IRI6,IRI7,IRI8,IRI9,IRI10,IRI11,IRI12,IRI13,IRI14,Active_online,Lurk_online,Avoid_online,Att_pre,Care_pre,Inform_pre,Import_pre,Opin_corr_pre,Public_pre,ave_pre,Favor_ag_pre,Favor_dis_pre,Lat1_pre,Lat2_pre,Att_opp_pre,Lat1_opp_pre,Lat2_opp_pre,Pre_enjoy,Pre_stress,Pre_judge,Pre_comfort,Pre_difficult,Pre_valid,Pre_convince,Pre_respect,Pre_emotion,Pre_logic,Pre_like,Pre_diff,Pre_getAlong,Pre_conflict,Age,Gender,Fluent,AI_AN,Asian,Black_AA,Hispanic_LT,NH_PI,White,Other,Political_view,CIH_Total,IRI_Total,IRI_EC,IRI_PT,BFI_N,BFI_E,BFI_O,BFI_C,BFI_A,CA_Group,CA_IP,CA_Total,Condition,Att_post,Care_post,Inform_post,Import_post,Opin_corr_post,Public_post,ave_post,Favor_ag_post,Favor_dis_post,Lat1_post,Lat2_post,Convo1_effect,Convo2_effect,Strength_effect1,Strength_effect2,Same_like,Same_diff,Same_agree,Same_talkAgain,Same_motivate,Same_otherMotivate,Same_difficult,Same_direct,Same_stress,Same_comfort,Same_enjoy,Same_otherDom,Same_dom,Same_otherListen,Same_listen,Same_judge,Same_open,Same_otherOpen,Same_valid,Same_convince,Same_respect,Same_diffBack,Same_otherEmotion,Same_otherLogic,Same_emotion,Same_logic,Same_getAlong,Same_conflict,Att_opp_post,Lat1_opp_post,Lat2_opp_post,Att_opp_believe,Opp_like,Opp_diff,Opp_agree,Opp_talkAgain,Opp_motivate,Opp_otherMotivate,Opp_difficult,Opp_direct,Opp_stress,Opp_comfort,Opp_enjoy,Opp_otherDom,Opp_dom,Opp_otherListen,Opp_listen,Opp_judge,Opp_open,Opp_otherOpen,Opp_valid,Opp_convince,Opp_respect,Opp_diffBack,Opp_otherEmotion,Opp_otherLogic,Opp_emotion,Opp_logic,Opp_getAlong,Opp_conflict,Opp_ideoViews,Opp_importViews,Views_similar,Exp_support,Exp_pressure,Control_support,Control_pressure,like,respect,convinced,motivated,difficult,directly,stress,comfort,nervous,frustrate,enjoy,dominate,listen,saidWanted,hesitate,heated,instigate,inflame,badFaith,getAlong,conflict,attitudePre,convoEffect,effectDirection,attitudePost,politicalView,correct,hiddenDisagree,overtDisagree,areaX,areaY,differentBoth,agreedBoth,conflictBoth,hiddenBoth,overtBoth,carmaMeans,carmaPeaks,carmaPeaks2,carmaMeanLast
107,307,62,7,1,0,4,7,6,4,4,2,5,5,4,6,5,NaN,NaN,4,3,3,3,4,5,4,4,3,3,4,3,4,4,4,2,2,1,4,4,2,2,1,4,2,4,2,4,2,4,2,4,4,2,5,6,7,6,5,1,3,2,4,4,3,3,3,6,4,14,15,16,15,15,15,16,15,15,13,16,17,17,14,16,5,1,1,5,5,5,2,3,1,4,4,4,4,4,NaN,NaN,NaN,5,3,3,3,2,71,5,7,4,1,7,2,1,3,NaN,NaN,NaN,NaN,NaN,NaN,NaN,NaN,NaN,NaN,NaN,NaN,NaN,NaN,32,2,1,NaN,1,NaN,NaN,NaN,NaN,NaN,6,80,62,32,30,7,9,10,13,14,11,12,23,2,5,3,3,2,1,74,5,5,3,1,7,2,3,5,3,6,3,5,6,5,5,4,6,1,6,NaN,4,4,6,6,NaN,6,NaN,6,6,6,2,3,6,3,6,89,11,2,1,7,6,6,5,4,6,5,5,2,5,1,6,NaN,5,3,6,6,NaN,6,NaN,6,5,6,5,4,5,3,6,72,27,6,3,2,2,2,NaN,NaN,5.2,6.2,5.2,5.6,3.4,4.6,2.6,3.8,4,1.8,4.8,2.8,6.2,5.2,3.4,1.2,1.2,1.2,1.2,77.8,21.2,5.8,1.4,3.6,5.6,4.4,1.8,1.6,2.8,374,303.4,3.8,5,2.8,2.2,2,-21.47442436,-7.39183774,-5.811351867,-33.15795751
110,310,63,10,1,1,5,5,4,7,7,7,7,6,5,3,3,NaN,NaN,3,3,2,2,2,4,5,5,5,5,5,4,5,2,3,4,4,4,2,4,4,4,3,3,4,3,4,3,4,3,2,3,3,2,4,3,7,4,5,3,2,2,2,1,1,2,3,4,4,15,16,15,16,16,15,15,17,17,16,16,15,15,16,16,4,3,4,3,4,4,2,3,3,4,2,4,3,3,NaN,NaN,NaN,5,2,2,3,2,60,5,5,3,3,7,2,1,5,1,7,7,2,6,NaN,NaN,NaN,NaN,NaN,NaN,NaN,NaN,NaN,28,3,1,NaN,1,NaN,NaN,NaN,1,NaN,7,46,75,25,21,10,11,13,9,9,20,17,37,2,6,3,2,3,3,60,6,6,2,3,7,1,3,4,5,4,3,5,4,2,2,6,2,5,5,4,1,7,6,4,NaN,NaN,2,5,4,5,2,4,4,6,6,100,0,3,2,7,5,5,3,6,6,6,7,4,7,1,6,6,5,4,6,7,NaN,NaN,7,6,6,6,4,4,6,6,5,100,0,5,3,2,3,3,NaN,NaN,6.2,6,5.8,6.2,2.4,4.8,2.4,5.6,2.8,2.4,5.8,2.4,6.2,5.4,2.2,1.2,1.6,1.4,1.2,89.2,11,6,1.8,4.2,5.8,6.6,1.8,2,2.4,433.8,221.4,4.6,6,2.4,2,1.4,-27.66862893,-2.41189452,4.871797239,-35.6546003
113,313,64,13,1,0,5,3,2,5,3,3,5,7,7,5,3,NaN,NaN,4,2,4,3,3,4,4,4,4,3,4,3,5,3,4,3,3,2,4,4,3,2,2,3,3,4,3,4,3,2,3,4,3,2,4,5,2,3,5,5,4,3,4,4,3,3,3,4,5,16,16,17,16,16,16,17,17,17,15,17,17,17,16,16,5,3,3,4,5,2,1,4,1,3,4,4,2,3,NaN,NaN,NaN,7,3,2,4,3,41,3,6,3,4,7,1,1,4,2,4,2,3,5,NaN,NaN,NaN,NaN,NaN,NaN,NaN,NaN,NaN,29,2,1,NaN,NaN,1,NaN,NaN,NaN,NaN,6,50,77,30,20,9,10,15,11,13,15,17,32,2,6,3,3,4,2,45,4,6,3,3,7,1,2,5,4,6,4,6,7,7,7,2,6,4,5,6,4,5,7,7,4,6,6,6,6,6,2,3,6,5,6,98,2,4,2,6,7,6,4,4,6,6,5,4,5,4,4,6,1,7,6,6,5,6,5,6,4,6,4,5,6,7,6,88,12,3,3,2,4,3,NaN,NaN,5.2,5.4,3.2,6.6,2.6,5.4,2.8,5.2,3.4,2,4.8,5.2,5.8,5.6,2.2,1.2,1.2,1.2,1.2,83.6,23.4,6.4,1,4.4,6.4,6,2.8,1.8,3.6,335.8,287.6,5.6,3.8,3.8,3,2.2,-19.67174597,-5.845908277,1.862362409,-32.30862803
115,315,65,15,1,0,3,5,4,6,7,6,7,5,4,2,7,NaN,NaN,3,1,3,2,2,5,5,5,5,5,5,3,4,3,4,2,2,2,3,5,2,2,1,5,1,4,3,5,3,4,2,5,5,2,3,7,7,5,1,1,1,1,1,2,1,1,5,5,6,16,16,17,17,17,14,16,17,17,15,16,17,17,15,16,4,4,3,4,5,5,2,2,3,4,5,5,4,3,NaN,NaN,NaN,5,3,3,3,2,50,5,6,3,3,7,2,2,3,3,4,4,6,5,NaN,NaN,NaN,NaN,NaN,NaN,NaN,NaN,NaN,19,1,1,NaN,NaN,NaN,1,NaN,NaN,NaN,7,91,55,28,27,9,14,14,12,12,9,11,20,2,5,4,3,4,2,55,5,5,3,5,5,3,4,5,5,6,7,6,7,7,7,1,1,1,7,7,4,4,6,7,1,7,7,7,7,7,7,2,6,6,6,85,0,3,2,7,5,6,3,6,6,6,6,1,7,1,6,6,1,1,6,7,1,7,7,7,7,7,7,2,7,2,7,65,15,4,3,3,5,2,NaN,NaN,5.8,6.4,6,6.2,2.6,5.2,2.4,5.4,3.2,1.8,5.8,2.4,6.2,5.8,2.2,1.4,1.4,1.4,1.2,93,4.2,4.4,1.6,3.8,3.8,4,1.8,1.4,2.4,495.2,178.4,2,5.8,2.4,1.4,1.6,-31.5468777,-11.91530349,-6.33351567,-40.3319678
118,318,66,18,1,1,1,6,5,3,2,4,3,3,3,6,3,NaN,NaN,3,2,2,2,2,4,4,4,4,4,4,3,4,5,4,3,3,4,5,4,2,2,2,4,2,4,2,4,2,4,2,4,4,2,5,5,6,5,5,2,4,3,4,5,5,5,4,5,5,16,14,16,16,16,14,15,16,15,14,16,16,16,15,15,4,2,3,4,4,4,3,3,2,4,4,4,4,4,NaN,NaN,NaN,6,3,2,4,2,41,5,5,5,4,7,2,1,4,5,2,5,5,4,NaN,NaN,NaN,NaN,NaN,NaN,NaN,NaN,NaN,28,2,1,NaN,NaN,NaN,NaN,NaN,1,NaN,4,84,53,26,27,8,12,10,10,12,12,12,24,2,7,3,3,3,2,40,5,6,5,3,7,2,3,5,6,6,5,6,6,5,5,2,4,2,6,5,2,5,6,6,2,6,6,6,6,6,2,5,6,5,6,99,1,2,1,6,6,6,5,6,6,6,6,2,6,2,6,6,2,2,6,6,2,6,6,5,3,6,3,6,3,5,6,22,81,6,2,2,2,2,NaN,NaN,5.8,5.2,4.2,6.4,2,5.8,2,5.8,2.4,1.8,5.6,3.6,4.8,6.4,2.4,1,1,1.4,1,78.4,24.2,6.4,1.2,3.8,6.2,3,2.2,2.2,3.4,308.8,203.4,4.4,3,3.6,1.8,2.8,-15.73776297,-4.20823977,5.385438112,-11.83213974
120,320,67,20,1,0,5,2,7,7,7,7,7,6,5,4,4,NaN,NaN,3,4,4,2,4,3,4,4,4,4,5,3,4,3,4,4,4,4,4,5,2,2,1,5,1,5,3,4,3,5,1,4,4,1,2,5,6,3,5,1,4,5,6,5,1,5,3,2,4,14,14,16,17,17,13,16,16,16,14,16,17,17,13,17,4,4,1,4,5,5,1,4,1,5,4,5,5,5,2,3,3,7,2,3,4,3,35,5,7,3,4,7,1,1,4,3,4,1,5,3,4,2,4,5,4,3,6,30,60,21,2,1,NaN,NaN,NaN,NaN,NaN,1,NaN,7,61,74,34,27,6,15,12,15,13,9,10,19,2,7,3,2,4,2,61,5,7,4,2,7,1,2,4,3,6,5,6,6,6,5,4,6,1,6,5,2,5,5,6,2,7,7,7,7,7,6,2,6,2,6,100,0,6,2,7,7,6,3,6,7,6,6,2,6,1,6,6,2,3,6,6,1,7,7,7,6,6,3,5,6,2,6,93,5,6,4,4,2,1,NaN,NaN,6,6,5.4,6.6,1.6,4.8,1.8,6.2,1.8,1.4,6,5,6,6.8,3.2,1.6,1.2,1.4,1.6,95,2.8,6.8,1.4,5,6.8,6.4,2.4,1,1.4,452.2,110.6,2,7,1,1,1,-25.90325245,0.210228876,2.697109116,-43.47528225
121,321,68,21,1,1,4,7,6,4,5,1,6,1,6,7,7,NaN,NaN,3,2,2,2,3,5,5,5,5,5,5,2,4,4,5,1,1,1,5,5,1,1,3,5,2,3,3,3,3,4,2,5,4,2,4,4,6,2,4,4,4,4,6,6,6,6,6,4,2,16,14,17,16,16,15,16,14,16,15,16,16,16,14,17,4,2,3,5,4,4,3,2,3,3,5,2,4,3,1,3,3,6,3,2,3,3,55,4,5,4,1,7,2,2,6,5,3,3,5,5,6,4,6,4,4,4,4,51,51,31,1,1,NaN,NaN,NaN,1,NaN,1,NaN,2,100,51,22,29,7,11,10,13,11,15,12,27,2,6,3,3,3,2,59,5,5,4,2,7,2,3,5,3,5,3,5,5,6,6,6,6,2,6,6,2,4,6,6,3,6,6,6,6,6,4,3,6,5,5,92,9,2,2,6,2,5,5,4,5,6,6,3,6,3,5,6,2,4,6,6,2,6,6,6,6,6,4,4,5,3,5,71,31,5,3,2,4,2,NaN,NaN,5.4,6,4,6,1.8,5.4,1.6,5.8,2.4,1.6,5.4,2.8,6.2,6,2,1.2,1.2,1.2,1.2,89.8,20.6,5.2,1.4,3.6,5.2,3,2.2,1.6,3.2,374,232.4,4.2,2.8,2.2,2.2,1.8,-20.05251609,-5.088704638,-0.217979416,-27.03999658
122,322,69,22,1,1,3,5,4,5,4,6,5,6,5,4,2,NaN,NaN,2,2,3,2,4,4,4,3,4,4,5,4,5,5,4,2,2,2,5,4,2,2,4,2,4,4,5,2,5,2,4,2,1,4,5,7,5,6,1,1,2,1,2,2,2,1,1,6,6,16,16,13,14,13,17,16,16,17,14,14,16,16,16,16,5,2,2,4,5,5,1,3,1,5,4,5,4,3,3,4,2,6,3,3,3,2,60,5,5,3,3,7,2,1,4,3,6,7,2,7,5,1,5,7,1,2,6,10,90,40,2,1,NaN,NaN,NaN,NaN,NaN,1,NaN,7,86,61,34,27,13,4,13,10,10,23,26,49,2,5,3,3,4,2,52,3,5,3,4,7,3,2,6,5,6,5,5,5,6,6,5,6,2,6,6,2,5,7,6,2,7,7,7,6,6,1,2,6,2,6,100,0,1,1,3,7,3,3,1,2,6,7,5,5,6,3,2,2,2,6,6,6,7,7,6,3,5,6,5,3,5,5,80,20,1,4,1,4,5,NaN,NaN,4,5,3,5,3.4,5.4,2.8,4,2.8,3.2,3.6,2.4,5.6,4.6,2.2,1.4,1.4,1.4,1.4,62,39.2,6.2,1.2,4.2,6.2,4.8,2.2,3.2,3.8,217,186.6,4.2,2,5.4,3.2,3.8,6.604511328,27.86707534,33.45818517,3.520475625
123,323,70,23,1,1,1,6,4,6,5,6,3,4,3,2,5,NaN,NaN,2,3,3,2,3,5,5,5,5,5,5,1,5,4,4,3,4,4,4,4,3,2,3,3,4,3,5,3,4,3,3,3,2,2,3,3,4,2,5,4,3,5,5,4,5,5,6,4,4,17,15,15,14,14,16,15,16,16,15,17,16,17,15,15,4,4,3,3,4,4,3,2,2,2,4,3,2,3,NaN,NaN,NaN,6,2,3,3,3,68,5,5,3,3,7,2,1,4,4,5,5,4,6,NaN,NaN,NaN,NaN,NaN,NaN,NaN,NaN,NaN,24,1,1,NaN,NaN,NaN,NaN,NaN,1,NaN,6,87,45,23,22,11,6,11,11,12,21,19,40,2,6,3,2,3,1,41,5,5,3,2,6,2,3,5,3,6,4,4,6,5,4,6,4,5,5,5,2,4,6,6,5,6,6,6,5,7,4,3,5,2,6,100,0,2,1,5,6,6,6,6,6,6,5,3,5,4,5,4,2,3,6,6,7,6,4,6,5,6,5,3,5,3,5,95,5,6,3,3,4,4,NaN,NaN,5.8,6.4,5.8,6.4,1.8,5.8,3.2,5,2.4,2.4,5.4,4.2,6.4,6.2,2,1.4,1.2,1.2,1.2,87.2,16.4,5.2,1.6,3.4,5.2,4.4,1.8,1.4,3,425.8,170.8,3.2,4.8,2.8,2.2,2,-13.61178742,-0.70271917,8.341706052,-24.66376047
124,324,71,24,1,0,1,6,4,2,2,3,2,3,1,5,3,NaN,NaN,3,4,2,2,3,4,5,4,4,4,4,3,4,5,4,2,2,2,5,5,1,1,2,4,4,4,4,3,3,2,2,3,3,2,5,4,3,3,4,4,3,5,5,5,5,6,6,4,5,16,14,16,17,17,15,15,17,16,14,17,17,16,15,17,5,1,2,3,4,5,1,2,2,4,5,4,5,4,3,4,4,6,3,2,4,3,47,3,6,4,4,7,3,1,5,4,5,5,4,5,5,2,6,4,5,4,6,65,30,23,1,1,NaN,NaN,NaN,NaN,NaN,1,NaN,3,89,61,30,31,8,13,12,12,14,17,17,34,2,6,4,3,4,2,42,3,7,4,3,7,2,1,3,4,6,5,5,7,6,6,3,5,2,6,6,2,4,6,6,2,6,6,6,5,7,6,5,5,3,6,100,0,3,1,5,7,5,6,3,6,6,6,4,6,5,5,5,5,4,5,6,6,5,5,6,4,6,6,4,5,5,6,45,50,5,2,2,4,2,NaN,NaN,4.8,5,3,6.4,3.4,5.6,3.2,4.6,3,3.4,3.8,2.6,5.8,4.4,2,2.4,1.8,2.2,1.6,61,34,6.2,1.4,4,6.2,2,1.6,2,3.8,272.2,281.8,6.2,1.8,6,2.6,3.8,6.801826258,37.72161067,43.35553858,12.19403893
125,325,72,25,1,1,5,2,3,7,5,6,6,6,4,1,5,NaN,NaN,3,3,4,2,4,4,4,4,4,3,4,3,3,3,4,3,4,4,3,4,2,3,2,2,4,4,4,3,2,2,2,3,3,3,3,3,3,4,5,5,5,5,4,2,4,4,4,3,6,16,16,16,17,16,14,15,16,16,16,17,16,15,15,16,5,4,2,3,5,4,1,3,1,4,4,4,3,3,2,4,3,6,2,2,3,3,40,3,5,2,3,7,2,1,4,2,4,2,3,3,2,1,5,4,2,3,5,70,30,24,3,1,NaN,NaN,NaN,NaN,NaN,NaN,1,7,54,71,32,22,10,13,11,10,11,19,17,36,2,6,4,3,3,3,45,4,7,4,4,7,2,3,5,6,7,2,6,7,5,5,4,4,2,7,5,1,7,6,6,2,6,4,6,5,7,3,2,5,5,5,100,0,1,1,4,7,4,7,1,5,7,5,5,6,7,3,5,3,7,4,6,5,7,4,4,2,4,7,5,4,5,5,40,60,1,2,1,4,3,NaN,NaN,3.6,4,2,6.4,3,6.4,3.6,5.2,2.8,5.6,4.2,3.2,5.4,6.4,2.4,3.6,1.6,2,1.4,69.2,47.8,6.4,1.4,4.4,6.6,6.4,3,2.8,4.4,322.2,154.8,6,2.2,6.2,2.6,3.4,1.709234671,45.34210918,50.5033837,28.6659774
126,326,73,26,1,1,1,6,6,3,5,2,6,5,3,3,6,NaN,NaN,3,3,4,3,2,4,4,4,4,2,5,3,4,4,4,3,3,4,4,4,2,3,2,4,2,4,2,4,2,4,2,4,4,2,4,5,6,6,4,5,3,3,4,3,3,4,4,5,6,17,16,14,16,16,14,15,16,16,16,17,16,16,17,15,4,3,2,3,4,4,2,3,2,3,4,4,3,2,2,4,4,6,3,3,3,3,45,5,5,4,3,7,3,1,5,4,5,6,3,5,4,4,6,3,5,4,5,30,70,36,1,1,NaN,NaN,NaN,NaN,NaN,1,NaN,4,76,49,27,22,13,12,11,8,11,12,12,24,2,6,3,3,4,2,65,5,6,3,3,7,2,2,3,3,6,3,5,6,6,6,3,5,2,6,5,1,4,6,6,4,6,6,6,6,6,3,3,5,5,5,90,10,5,2,6,6,6,5,4,6,6,6,3,5,3,5,5,6,2,6,6,4,6,6,6,6,6,5,5,5,5,5,75,25,5,2,2,2,2,NaN,NaN,5,5.8,5,4.6,4,4.2,3,4.2,3.4,2,4.4,1.8,6,5.2,3.4,1,1,1,1,69,6.8,5.6,1.4,3.4,4.8,3.6,1.6,2,2.2,372.2,361,3.2,5.4,1.6,2,1.4,-16.90914077,-4.658484826,1.843280949,-21.70153748
127,327,74,27,1,1,3,5,7,4,4,7,6,5,5,4,4,NaN,NaN,3,2,3,2,3,4,4,5,4,4,4,2,4,5,4,3,4,3,4,4,2,2,1,4,3,4,3,4,2,4,2,4,3,1,4,3,3,2,6,4,5,5,6,4,5,6,5,2,3,14,15,16,17,16,14,16,17,16,16,17,16,16,13,16,4,2,3,4,5,4,2,2,2,4,4,3,4,4,4,3,2,5,3,2,3,2,50,5,5,4,2,7,2,1,5,6,3,3,5,4,5,5,7,4,4,5,3,60,40,32,1,1,1,NaN,NaN,1,NaN,1,NaN,5,83,55,27,28,7,13,13,13,11,13,12,25,2,6,4,3,3,2,50,5,6,5,2,7,2,3,5,5,5,2,6,7,6,6,1,4,2,6,7,1,6,6,6,1,6,6,6,6,7,3,4,5,6,6,100,0,4,2,7,7,6,4,5,7,7,5,2,5,1,6,7,3,7,6,6,1,7,7,6,5,7,3,4,5,6,6,100,0,2,3,2,3,2,NaN,NaN,5.8,6,5.6,6.6,1.4,6,1.4,6.4,1.4,1.8,5.6,5.8,6,6.6,1.8,1.4,1.6,2.2,1.4,84.8,8.2,6.6,1.6,4.2,6.4,6.2,3.2,1.4,3.2,373.2,85.4,3.8,6,2.2,2,1.4,-24.70496828,6.833373391,10.56591403,-34.75482878
128,328,75,28,1,1,2,6,6,6,5,5,7,5,5,5,6,NaN,NaN,4,4,3,2,2,4,5,5,5,4,5,2,4,4,5,4,3,4,4,5,3,2,2,4,3,4,4,4,3,4,2,4,3,2,6,6,4,5,5,3,4,3,5,3,3,4,5,5,5,16,14,16,15,16,16,17,16,16,14,16,16,16,14,16,4,2,2,4,5,4,2,3,2,4,5,4,3,4,NaN,NaN,NaN,6,3,2,3,2,56,5,5,3,3,6,2,1,5,3,5,6,3,4,NaN,NaN,NaN,NaN,NaN,NaN,NaN,NaN,NaN,38,1,1,NaN,NaN,NaN,NaN,NaN,1,NaN,3,83,56,29,27,8,9,13,12,12,15,14,29,2,6,3,2,4,2,43,3,5,3,3,6,1,2,4,3,5,6,5,6,5,6,2,4,2,6,6,4,4,6,6,5,6,6,6,6,6,5,5,5,5,5,97,1,1,1,3,5,3,5,5,5,6,7,2,5,2,5,5,4,4,5,6,5,6,6,6,6,6,5,5,5,5,5,82,20,3,3,2,2,4,NaN,NaN,4,5.4,3.2,6.2,3.2,6.4,3.8,5,1.6,4.2,3.6,2.8,5.8,4.8,1.8,1.2,1.2,1.2,1.2,69.6,31.2,6,1.2,4.2,6,5.4,1.8,2.2,4,371,188.2,4.6,2.8,5.8,2.4,3.8,-8.07564256,8.171546354,17.64446181,-9.331679943
129,329,76,29,1,1,5,2,4,7,7,6,4,7,7,2,3,NaN,NaN,2,2,3,3,2,4,5,5,5,4,5,2,5,5,5,2,2,2,5,5,1,1,2,2,4,2,4,2,3,2,2,3,2,4,6,3,2,5,3,2,1,1,3,4,4,3,4,3,4,15,15,17,14,13,17,14,15,15,16,17,16,17,16,16,4,2,3,4,5,3,1,2,1,3,4,5,3,3,1,4,4,7,3,3,4,2,39,3,7,3,3,7,1,1,5,4,5,4,5,3,5,4,6,4,5,4,5,80,20,22,1,1,NaN,1,NaN,NaN,NaN,NaN,NaN,7,55,97,30,25,7,4,8,11,11,22,20,42,2,7,4,2,3,2,30,3,7,4,2,7,1,2,4,3,7,2,7,7,7,6,1,4,1,7,7,2,6,7,7,1,7,6,7,7,7,3,6,6,6,7,100,0,3,1,7,3,7,2,6,7,7,7,1,5,1,7,7,2,2,7,7,1,7,7,7,7,7,6,1,7,5,7,100,0,6,2,3,2,1,NaN,NaN,6.4,6.4,6.2,6.6,1.6,5.6,1.8,6.4,1.8,1.6,6.6,2.8,6.2,6.2,2.8,1.2,1.4,1.4,1.2,95.2,5.6,6.2,1.6,4.4,6.2,6,2.2,1,2.8,473.2,126.4,2.8,6,1.4,1.4,1.2,-37.64115534,-12.99743301,-9.236102619,-52.77092705
132,332,77,32,1,1,1,6,4,7,7,6,5,6,4,2,5,NaN,NaN,2,4,4,5,4,3,4,3,3,2,5,3,4,4,3,2,2,4,4,3,2,2,3,3,2,4,5,3,3,2,2,3,4,4,7,5,4,2,3,3,4,5,4,3,4,4,4,3,3,17,16,15,15,14,14,14,15,16,15,17,14,14,14,15,4,3,3,2,3,5,4,4,4,4,3,4,4,3,4,3,2,6,3,4,3,3,70,5,5,2,2,6,3,2,6,5,4,4,3,5,5,6,4,6,5,4,4,74,85,33,1,1,NaN,NaN,NaN,NaN,NaN,1,NaN,7,70,44,22,22,12,9,9,9,10,18,18,36,2,6,4,3,3,1,60,6,7,7,3,6,1,2,4,5,6,2,6,7,7,7,1,7,1,7,7,1,1,7,7,1,7,7,7,7,7,3,4,7,4,7,100,0,5,3,5,6,7,2,6,7,7,7,1,7,1,7,7,1,1,7,7,1,7,7,7,7,7,4,2,7,2,7,100,0,4,4,3,4,1,NaN,NaN,7,6.8,6.4,6.8,1.2,5.4,1.4,6.6,1.4,1.4,7,2.4,6.4,6.6,3,1,1,1,1,97,4.4,4.2,1.4,4.4,4.2,5.2,1.8,1,1.2,475.6,154,2.2,6.6,1.4,1.4,1,-39.3373526,-12.99540758,-11.27897943,-60.53783522
133,333,78,33,1,0,3,5,5,7,6,6,4,7,6,1,7,NaN,NaN,4,4,3,1,3,5,5,5,5,5,4,3,4,3,3,4,4,4,3,5,2,2,4,2,4,2,4,2,4,2,4,2,2,4,5,5,6,5,3,3,3,2,4,3,3,3,3,6,4,16,16,15,16,14,16,15,16,16,13,17,17,16,15,16,5,2,1,4,5,5,1,2,1,5,4,5,4,4,3,4,3,6,4,3,4,3,40,2,6,3,3,7,2,1,5,4,5,3,4,3,4,4,4,4,4,4,4,50,50,33,2,1,NaN,NaN,NaN,NaN,NaN,1,NaN,7,79,64,35,29,11,8,11,11,15,24,24,48,2,6,4,4,4,3,41,2,7,1,3,7,1,1,NaN,NaN,7,2,7,7,7,7,1,4,2,7,7,4,5,7,7,1,7,7,7,7,7,1,6,7,6,7,100,0,2,1,5,7,5,5,2,5,7,7,2,7,2,6,6,2,5,7,7,2,7,7,5,1,5,7,3,5,6,7,75,25,3,3,2,4,4,NaN,NaN,5.8,6.2,5.4,6.2,1.6,6.2,1.6,5.6,1.8,1.2,5.4,3.2,6.2,6.2,2,1.2,1.2,1.2,1.2,96.4,2.6,6.2,1.2,4.2,6.2,5.2,2.2,1,2.6,501.8,154.2,3.2,6.6,1.8,1.4,1,-26.32917722,2.898872545,5.146162066,-32.31399373
135,335,79,35,1,1,2,2,6,7,7,3,3,1,1,1,7,NaN,NaN,3,4,4,2,4,4,4,4,4,4,4,3,4,2,2,4,4,4,2,4,2,2,2,3,4,3,4,3,4,2,4,2,2,3,5,7,7,7,1,1,1,1,3,1,1,1,2,7,7,17,16,14,15,15,16,16,17,17,13,16,17,17,13,17,4,3,2,4,5,4,2,4,2,4,4,5,2,4,NaN,NaN,NaN,7,4,3,4,4,40,3,7,1,5,7,1,1,3,3,5,5,3,5,NaN,NaN,NaN,NaN,NaN,NaN,NaN,NaN,NaN,31,1,1,NaN,NaN,NaN,NaN,NaN,1,NaN,7,68,53,30,23,13,8,14,15,14,19,23,42,2,7,4,4,4,4,30,3,7,1,4,7,2,3,5,6,7,1,7,7,7,7,1,4,1,7,7,4,4,7,7,1,7,7,7,7,7,4,5,7,6,7,100,0,1,1,3,7,2,7,1,1,6,3,5,6,6,5,2,2,5,3,7,6,6,6,1,1,1,5,5,2,6,7,10,90,1,4,1,4,4,NaN,NaN,3.6,3.6,1.8,6,3,5.8,3.6,4.6,2.4,4,3,2.8,5.8,5.8,1.6,2.4,1.8,1.6,1.8,45.6,66.8,6.4,1.2,4.4,6.6,6,3,2.8,4,165.4,149,6.4,1.4,6,3.4,3.8,5.723990036,26.28408745,34.60256002,20.03556821
136,336,80,36,1,0,5,4,1,5,3,7,5,7,7,1,7,NaN,NaN,3,4,4,2,4,4,4,2,2,2,4,4,4,4,4,4,4,4,4,3,2,4,3,2,4,4,5,1,5,2,2,4,2,3,4,3,7,5,5,2,5,5,5,6,6,5,3,5,5,16,16,14,14,16,17,14,13,13,16,17,16,16,17,16,5,3,3,1,3,3,4,5,2,3,1,5,1,1,2,4,1,7,4,2,4,4,59,5,6,1,6,7,1,1,5,2,7,1,6,6,1,1,1,5,1,2,6,60,40,23,2,1,NaN,NaN,1,NaN,NaN,NaN,NaN,6,36,64,25,11,12,7,4,9,11,23,20,43,2,7,4,3,4,4,81,5,7,5,4,7,1,2,4,5,6,5,6,7,6,6,3,6,2,6,6,2,2,6,6,2,6,6,6,6,6,6,5,6,6,6,92,1,2,1,5,7,2,7,1,6,5,6,6,6,6,6,6,2,2,6,6,6,2,6,5,2,2,6,6,2,6,6,39,0,3,3,1,2,1,NaN,NaN,4,4.8,3,5,3.4,4.8,3.4,3.8,2.6,4,3,2.4,6,4.8,3.2,1.8,2,2.2,2,48.8,39.4,6.4,1.2,4.4,6.4,6,2.4,2.8,3.6,191.4,305.2,5.4,2.6,4.4,3,3,-1.3916394,14.79468074,22.84770872,-1.466072623
137,337,81,37,1,0,3,2,6,3,6,6,7,6,6,3,5,NaN,NaN,4,2,4,1,4,4,4,5,4,4,4,5,4,5,5,3,4,2,5,5,1,1,2,4,2,4,3,4,2,4,2,4,3,2,2,4,3,4,5,3,5,5,6,4,4,5,5,4,2,16,14,15,15,14,16,17,16,17,15,16,17,17,14,16,4,4,3,4,4,2,4,3,2,3,3,3,2,3,3,4,2,6,3,3,4,3,25,4,6,3,3,7,1,1,3,5,5,1,6,6,5,5,6,5,4,4,6,35,35,31,1,1,NaN,NaN,NaN,NaN,NaN,1,NaN,6,84,42,23,19,9,7,14,13,12,13,13,26,2,7,3,3,3,3,30,4,6,3,3,7,1,1,NaN,NaN,6,6,5,6,5,5,5,4,2,6,5,3,5,6,6,2,6,6,6,6,6,5,2,6,2,6,92,3,2,1,5,7,5,6,3,5,7,6,3,6,3,6,6,2,2,6,6,5,6,6,3,4,6,6,6,3,3,6,40,60,2,3,2,2,4,NaN,NaN,4.2,4.8,3.2,6,2.4,6.2,3.2,5,2.6,4.4,3.2,3.2,6.2,6,2,3.2,2,2.8,1.8,47.2,62.8,6.6,1.6,4.2,6.6,5.8,2.6,2.4,4,294.2,149,5.2,1.8,4.8,2.8,3.6,3.42430967,14.95446994,22.81415847,12.98688814
138,338,82,38,1,1,3,2,6,4,2,6,4,6,6,3,2,NaN,NaN,3,2,2,3,4,4,4,4,4,4,5,3,4,3,3,2,2,3,4,5,2,2,4,5,2,4,2,4,2,4,2,4,4,2,6,6,7,6,2,1,1,1,4,3,3,1,4,6,5,13,14,16,15,15,16,14,14,16,13,17,17,16,13,16,4,3,2,3,4,3,2,3,2,4,4,4,2,2,1,3,3,6,3,3,4,3,41,3,6,3,4,7,2,1,4,2,7,2,3,6,3,4,5,6,4,4,5,34,72,29,2,1,NaN,NaN,1,NaN,NaN,NaN,NaN,6,82,48,28,20,5,8,8,13,15,13,12,25,2,6,3,3,4,3,40,3,7,3,4,7,2,4,4,5,7,5,6,5,6,6,2,4,2,7,7,3,5,6,6,2,6,6,7,7,7,4,5,6,4,6,100,0,3,1,5,6,6,7,2,4,6,6,2,6,2,6,6,3,5,6,6,2,6,5,5,2,6,5,7,3,6,5,75,93,3,4,1,2,2,NaN,NaN,5.8,6,4.8,6.4,1.6,6.6,1.4,6.2,1.8,1.8,6,3.4,6,6.2,1.8,1.2,1.2,1.2,1,89.4,14,6.2,1.6,4.4,6,5.6,2,2,3.8,437.4,139.6,2.6,4,2.8,2.6,1.8,-24.25790573,-7.280218155,2.673548547,-35.75842077
140,340,83,40,1,0,1,6,5,3,1,2,1,1,1,1,6,NaN,NaN,4,2,4,4,4,4,4,4,4,4,5,2,4,4,4,2,2,2,4,4,2,2,3,2,4,2,4,2,4,2,3,4,2,2,5,6,2,5,6,2,3,3,5,4,3,6,6,3,3,16,16,14,16,16,16,16,16,16,16,17,17,17,14,16,5,2,2,5,5,5,2,3,4,4,4,5,5,5,3,3,2,6,3,2,3,1,70,6,5,4,2,7,2,1,6,5,5,3,5,5,5,3,6,6,3,4,4,98,10,36,2,1,NaN,NaN,NaN,NaN,NaN,1,NaN,4,81,60,29,31,12,10,12,13,12,23,19,42,2,7,4,4,4,3,71,3,6,2,1,7,3,1,7,7,6,3,6,6,7,5,2,5,2,7,6,2,2,6,7,2,6,6,5,3,6,6,2,7,5,6,81,20,3,2,7,6,5,7,2,2,7,6,2,6,2,6,6,2,5,6,6,2,7,6,5,2,5,7,2,6,6,6,60,40,2,3,1,3,4,NaN,NaN,4.2,5,3,6,3,6,3.2,5,2,4.6,4.8,3.2,4.6,6,1.8,5,3.2,3.8,2.2,47.6,71.2,6,1.4,3.8,5.8,3.2,2.6,1.8,4.6,226.4,171,4.6,2.6,6.4,2.6,4.2,15.32847176,52.02201535,58.7193553,-31.46600828
141,341,84,41,1,1,2,1,7,7,7,7,7,7,7,1,7,NaN,NaN,1,1,1,1,1,5,5,5,5,5,5,2,5,5,5,1,1,4,5,5,2,4,1,5,2,5,4,2,4,2,1,4,2,2,7,5,7,5,7,1,5,1,7,3,1,5,7,5,5,17,17,14,17,17,13,17,17,17,14,17,17,17,13,17,5,1,1,5,5,5,1,1,1,5,5,5,5,5,NaN,NaN,NaN,7,4,4,4,4,100,7,7,7,7,7,7,7,7,5,5,1,5,5,NaN,NaN,NaN,NaN,NaN,NaN,NaN,NaN,NaN,31,3,1,NaN,NaN,NaN,1,1,NaN,NaN,7,102,70,35,35,14,15,15,15,14,13,17,30,2,7,4,4,4,4,70,5,7,1,1,7,4,4,7,7,7,1,7,7,7,7,1,7,1,7,7,1,7,7,7,1,7,7,7,7,7,1,7,7,7,7,99,0,3,1,5,7,6,3,7,7,7,7,5,7,3,6,6,2,7,7,7,2,7,7,6,6,6,2,6,6,6,7,100,1,3,3,2,3,5,NaN,NaN,5,4.6,3.6,6.4,3.6,5,3.2,4.8,3.6,3.4,3.8,4.8,5.2,6.4,2.4,1.8,1.4,1.4,1.4,80.8,21.6,7,1,4,7,6.6,3.6,2.2,2.4,387,170,5,4.6,3.8,2.8,1.8,-11.54813568,-0.373864136,13.71417906,-6.939824719
142,342,85,42A,0,0,3,5,3,4,2,7,7,5,5,4,2,NaN,NaN,3,3,4,1,1,5,5,5,5,5,5,5,5,5,5,3,3,3,4,4,1,1,4,4,3,3,4,4,4,4,3,4,4,3,5,4,2,6,7,4,5,5,6,5,5,6,7,5,5,16,15,16,16,16,16,16,16,16,16,16,16,16,16,15,4,2,4,4,4,5,3,3,3,4,4,4,4,4,3,3,3,7,4,4,4,4,25,1,7,1,7,7,1,1,1,5,5,1,5,5,3,3,6,6,4,4,4,50,50,36,1,1,NaN,NaN,1,NaN,NaN,NaN,NaN,4,91,52,24,28,9,10,12,9,10,18,16,34,1,7,4,4,4,4,35,1,7,5,7,7,1,1,NaN,NaN,7,5,7,7,7,7,1,7,1,7,7,5,5,7,7,5,7,7,7,7,7,7,5,7,5,7,85,15,5,5,5,7,7,7,7,7,7,7,1,7,1,7,7,5,5,7,7,5,7,7,7,7,7,7,5,7,5,7,85,15,3,3,3,NaN,NaN,1,1,5.2,5.8,4.4,6.6,1.8,6.2,1.8,6.2,1.6,2,5.8,3.2,6.4,6,2,1.2,1.2,1.2,1.2,91.8,12.2,6.2,1,4.2,6.2,5,2.2,2,3.2,445.4,156.6,4.2,5,3.8,2.4,2.2,-17.59767186,-7.485499873,4.896873211,-29.56087533
143,343,86,43,0,1,5,1,7,7,7,7,7,6,6,1,7,NaN,NaN,4,2,3,1,3,4,4,4,4,3,5,3,4,4,4,2,2,2,4,4,1,1,2,4,1,4,1,5,1,5,1,5,5,1,3,5,6,4,5,2,4,3,6,5,4,4,4,5,4,13,13,17,16,16,14,16,15,15,14,17,16,17,13,16,4,1,2,4,4,4,2,3,1,5,4,5,3,3,2,4,3,6,2,3,3,2,51,5,5,3,1,7,2,1,4,4,4,1,7,2,4,4,6,4,4,4,4,50,50,39,1,1,NaN,NaN,NaN,NaN,NaN,1,NaN,7,57,86,31,26,3,12,10,14,13,9,6,15,1,7,3,3,3,4,51,7,7,4,3,7,2,2,5,6,6,3,6,6,6,6,3,4,1,6,6,2,2,7,7,1,7,7,7,7,7,1,5,7,5,7,99,1,3,1,5,7,6,5,3,6,7,7,1,7,1,7,7,4,4,6,7,1,7,7,4,2,6,4,1,6,3,6,99,1,3,3,1,NaN,NaN,1,1,5.4,5.6,4,6.4,2,6.2,1.8,6.2,1.8,3.6,5.6,3.4,5.8,6.2,1.4,2.8,2.2,2.2,2.4,87.2,35,6.6,1.2,4,6.6,6.2,2.8,2.6,4.2,270.2,118.4,4.4,2.6,4.4,2.6,3.2,-17.71553156,-10.62883049,9.569388,-14.05613779
144,344,87,44,0,1,5,3,3,6,5,5,3,7,6,3,7,NaN,NaN,4,2,5,2,2,4,4,4,4,4,4,3,4,3,3,4,4,4,3,4,2,2,4,4,3,2,5,2,4,2,3,2,1,4,5,5,5,6,1,1,1,1,5,1,2,1,3,7,5,16,16,16,14,13,17,16,17,16,14,15,17,14,16,16,4,3,2,4,5,3,2,2,1,3,2,4,2,3,3,4,3,7,3,4,3,3,55,5,6,1,3,7,1,1,5,2,3,5,3,5,5,3,4,6,5,3,5,40,60,25,2,1,NaN,NaN,NaN,NaN,NaN,NaN,NaN,6,50,73,29,21,10,4,13,8,12,22,24,46,1,7,3,4,3,3,58,5,7,1,3,7,2,3,5,6,6,3,6,6,5,5,2,4,1,7,6,2,5,6,6,1,6,6,7,7,7,5,2,5,5,6,100,0,7,1,7,7,6,6,5,5,7,7,2,6,3,6,5,2,6,6,6,3,7,6,6,2,5,7,5,5,5,6,98,2,3,3,1,NaN,NaN,2,3,6,6.2,4.6,6.2,2.2,5,1.8,5.6,2.8,1.6,6,3.6,6.4,6,2.6,1,1,1,1,96.8,4.2,6,1.4,4.8,6,4,2,1.6,2.4,469.4,162.8,3,6,1.6,1.2,1.4,-34.47490172,-11.17400257,-6.503172969,-50.30327369
147,347,88,47,0,1,3,3,6,6,3,6,4,5,3,2,1,NaN,NaN,2,2,2,2,2,4,4,4,4,4,4,2,4,4,4,4,4,2,4,4,2,2,2,3,4,3,4,2,4,2,2,4,2,2,5,2,2,3,6,7,3,3,5,7,5,3,3,5,5,14,14,16,14,14,14,14,14,16,16,16,16,16,14,16,5,1,1,4,4,5,1,1,1,5,5,3,4,3,NaN,4,4,6,3,2,4,1,35,3,4,4,2,7,3,1,6,3,5,2,5,5,5,4,6,3,5,4,3,63,37,24,2,1,NaN,NaN,1,NaN,NaN,NaN,NaN,6,84,63,32,31,6,8,8,12,10,20,18,38,1,7,3,2,3,1,40,3,3,3,1,7,2,2,6,6,5,5,3,6,5,5,5,6,2,5,4,2,6,7,7,1,7,7,7,7,7,6,2,7,1,7,100,0,4,1,7,5,5,5,5,6,6,6,1,7,3,6,5,2,6,7,5,5,5,3,6,6,7,7,1,7,1,7,83,13,4,3,3,NaN,NaN,4,4,6.6,6.8,6.2,6.8,1.6,5.2,1.4,6.8,1.4,1.4,6.6,3.8,6.2,6.4,2.2,1,1,1,1,98.4,1,5.6,2,5,5.8,5.6,1.6,1.2,2.4,479.8,126.4,2.8,6.6,1.8,1.4,1.2,-48.74811754,-19.25526786,-16.94579648,-55.13616213
148,348,89,48A,0,0,2,1,7,7,7,7,7,5,2,1,5,NaN,NaN,2,1,2,2,3,4,5,4,5,3,4,3,4,3,2,4,5,4,3,4,4,4,2,4,3,4,4,3,3,5,2,4,3,1,5,5,6,5,7,1,6,6,2,3,2,3,2,5,5,16,16,15,17,17,14,16,17,17,14,17,16,17,14,17,5,2,1,5,4,5,1,2,1,5,4,5,3,4,4,4,1,7,4,4,4,4,30,3,7,1,5,7,1,1,3,1,6,3,1,6,2,1,2,7,1,1,7,0,100,18,2,1,NaN,NaN,NaN,NaN,NaN,1,NaN,7,73,63,34,29,11,14,14,14,13,16,12,28,1,7,4,4,4,4,31,3,7,1,4,7,4,2,7,5,7,2,7,7,7,7,2,5,1,7,7,3,4,7,7,1,6,7,7,7,7,2,5,7,5,7,100,0,4,2,7,7,5,6,4,5,7,6,2,6,2,5,6,4,4,6,7,3,6,7,5,5,7,7,6,3,5,7,100,0,3,2,2,NaN,NaN,3,4,6,6.2,5.4,6.2,2,6.2,2,5.8,2,2,6.2,2.4,6.2,6.2,1.8,1,1,1,1,95.8,3.8,7,1.2,4.2,7,6.4,2.6,1.4,2.2,467.2,143.8,3.8,5.4,1.8,1.8,1.4,-39.1081669,-10.42081345,-7.002609712,-54.85699531
149,349,90,49,0,1,3,1,6,7,6,6,6,6,6,2,6,NaN,NaN,2,2,2,2,2,4,5,5,5,5,5,3,5,4,5,2,2,2,5,5,2,1,2,4,2,4,2,4,2,4,1,4,5,2,4,4,3,6,6,3,3,2,5,5,5,4,6,6,5,16,14,15,15,17,14,17,17,17,15,17,17,16,16,15,5,2,1,4,5,3,2,2,1,5,4,5,4,3,3,4,2,7,4,3,4,3,55,4,6,3,4,7,1,1,3,3,5,4,3,5,5,2,6,5,3,4,6,35,65,20,1,1,NaN,NaN,NaN,NaN,NaN,1,NaN,7,97,60,34,26,9,12,15,9,13,12,10,22,1,6,4,3,4,2,55,5,6,5,3,7,2,3,5,6,6,2,7,7,6,6,1,4,2,6,7,1,2,6,7,2,7,7,7,7,7,2,2,6,3,6,100,0,3,1,5,5,6,4,4,7,7,5,2,4,2,6,7,1,5,6,7,2,7,5,6,6,7,5,5,5,3,6,100,0,4,3,2,NaN,NaN,2,2,6.2,6.8,6.2,6.8,1.6,6.4,1.6,6,2.6,1.2,6.2,3.2,6.4,6.2,1.8,1,1,1,1,98.6,1.2,5.8,1.2,4.6,5.6,5.6,2,1.2,2.2,442.8,235.8,3.2,6.2,1.6,1.4,1.2,-34.82188762,-13.56978868,-8.595052858,-49.43044255
150,350,91,50,0,1,1,7,5,5,5,1,5,7,5,1,5,NaN,NaN,3,3,2,2,3,5,5,5,5,5,5,3,5,5,5,2,2,2,4,5,2,2,1,5,1,5,2,5,2,5,1,5,5,1,1,6,5,5,1,1,1,1,1,1,1,1,4,7,7,16,16,14,17,17,13,14,14,14,13,17,17,17,16,16,5,2,1,5,5,5,1,1,1,5,5,5,5,5,2,4,3,6,3,3,3,2,39,3,6,6,1,7,3,1,7,6,3,1,7,2,7,6,7,3,5,7,1,80,21,38,2,1,NaN,NaN,NaN,NaN,NaN,1,NaN,6,94,69,35,34,12,15,6,11,15,7,7,14,1,5,3,3,3,1,30,3,4,4,1,7,3,2,6,5,7,2,7,7,7,7,1,7,1,7,7,1,1,7,7,1,7,7,7,7,7,3,2,6,2,6,100,1,1,1,7,5,5,6,5,6,6,7,3,5,3,5,4,5,4,7,7,1,7,7,7,5,7,6,7,6,6,6,71,29,7,2,3,NaN,NaN,5,5,5.6,6.4,5.2,6.6,2.8,5.4,2.2,5.8,2.4,2.2,5.6,2.2,5.8,5.2,2,1,1,1,1,84.4,14.6,5,1.4,3.6,4.8,6,1.8,1.8,2.6,495.8,217.2,3.6,6,2.8,2,1.8,-33.05537334,-7.069158072,2.738154088,-46.70686322
151,351,92,51A,0,0,5,2,7,7,7,5,4,7,5,1,5,NaN,NaN,2,3,4,2,2,4,5,4,5,4,5,2,5,4,4,3,3,3,4,5,2,2,1,5,1,5,2,4,2,4,1,5,4,1,2,4,3,2,4,3,1,1,1,3,4,2,2,4,3,16,15,16,17,17,14,17,17,17,14,17,17,16,14,16,5,2,2,4,5,5,1,2,1,5,4,5,4,4,3,4,2,7,4,4,4,3,68,5,7,2,1,7,1,1,7,3,5,5,3,5,4,4,4,5,3,3,6,20,91,36,2,1,NaN,NaN,NaN,1,NaN,1,NaN,7,63,87,34,29,9,14,15,12,14,8,9,17,1,7,4,4,4,3,70,5,7,5,2,7,1,2,4,5,6,5,5,6,6,6,1,4,1,6,6,2,2,5,7,1,7,6,7,7,7,2,3,6,3,6,100,0,2,1,7,6,7,3,5,7,7,7,1,7,1,6,7,2,2,6,6,1,6,6,6,6,6,2,3,6,2,6,97,11,5,3,3,NaN,NaN,2,4,6.2,6.4,6,6.6,1.6,6.2,1.6,6.4,1.6,1.4,6.2,2.8,6.2,6.2,2,1.2,1.2,1.2,1.2,95.6,4.2,6,1.6,4.8,6,6.2,1.4,1.8,2.8,460.2,172,2,6,1.8,1.6,1.4,-41.16210747,-7.549210122,-7.130038298,-62.17776856
152,352,93,52A,0,0,3,5,6,5,6,7,7,2,7,6,7,NaN,NaN,3,2,2,1,2,5,5,5,5,5,4,2,5,5,4,1,1,1,5,5,1,1,4,4,2,4,2,4,1,5,1,5,5,2,6,1,4,2,6,2,5,5,6,7,6,6,7,3,1,14,13,17,16,16,15,16,16,17,13,17,17,17,14,16,4,1,3,4,5,5,2,1,1,3,4,3,4,5,2,4,3,5,3,3,3,2,40,3,5,4,1,7,2,1,5,6,2,2,6,2,4,4,6,5,4,4,5,50,50,31,1,1,NaN,NaN,NaN,NaN,NaN,1,NaN,5,102,59,27,32,4,11,13,13,15,14,7,21,1,5,4,3,4,1,41,3,5,5,1,7,2,2,5,5,6,4,5,6,6,6,1,4,1,7,6,3,3,7,7,2,6,6,6,6,7,3,2,6,2,6,99,1,2,1,5,5,6,3,6,6,7,6,1,6,1,7,6,3,3,7,7,2,6,6,7,6,7,4,2,6,2,6,95,5,4,3,2,NaN,NaN,2,2,6.6,6.4,6.4,6.6,1.6,4.6,1.6,6.2,1.6,1.4,6.6,3.6,6.2,6.6,2.6,1,1,1,1,96.4,2.8,4.8,1.6,3.8,4.4,4.2,1.8,1.2,2.2,510.6,136,1.8,6.8,1.4,1.6,1,-47.26407774,-12.53266684,-9.646425433,-60.24449501
153,353,94,53,0,1,1,7,4,1,4,1,5,1,6,4,3,NaN,NaN,3,4,4,3,4,3,3,3,3,2,2,4,2,3,3,4,4,4,3,3,4,4,3,4,3,3,3,2,3,3,3,2,2,3,5,6,6,7,1,4,1,3,4,1,1,1,1,6,7,16,17,13,13,13,16,13,13,13,17,13,13,13,17,13,1,4,5,1,1,1,5,4,4,2,2,1,1,1,1,3,1,6,2,2,2,3,32,3,2,5,4,7,1,1,6,2,5,6,3,5,2,2,2,5,2,2,6,16,80,28,2,1,NaN,1,NaN,NaN,NaN,NaN,NaN,2,54,19,9,10,14,4,3,3,3,18,20,38,1,7,3,3,3,3,29,3,7,3,4,7,2,2,5,3,6,2,6,6,6,4,6,2,2,6,4,2,5,5,3,2,6,6,6,6,6,2,2,6,2,6,96,8,1,1,5,7,6,6,1,6,6,6,1,7,1,7,7,1,1,6,6,1,7,7,4,4,6,7,3,4,2,6,95,7,7,3,1,NaN,NaN,3,3,5.8,6,3.4,6.4,1.6,6,1.6,6,1.8,2,5.2,3.2,6.2,6.2,2,1,1.2,1.2,1,86.8,20,6.2,1.2,4.2,6.2,4.2,2.2,1.6,3,372.4,141.2,3.8,3.2,2.6,1.6,2.4,-25.87537308,-11.53596777,-3.942913018,-36.73874628
154,354,95,54A,0,0,4,3,7,7,7,2,4,3,5,7,7,NaN,NaN,3,1,4,2,3,5,5,5,5,5,5,2,5,4,5,2,4,2,4,5,2,1,3,3,4,4,4,2,4,2,3,3,2,1,6,7,3,5,6,1,1,1,6,3,1,1,5,4,5,15,15,16,14,15,16,15,16,15,16,17,16,16,14,15,4,3,2,2,2,3,2,1,2,4,5,5,2,2,1,3,4,7,3,3,2,3,60,5,3,5,1,7,1,1,7,4,1,1,5,2,6,4,6,6,5,4,4,80,20,33,1,1,NaN,NaN,1,NaN,NaN,NaN,NaN,5,93,49,27,22,8,7,10,11,11,20,19,39,1,6,3,2,3,2,40,2,6,4,1,7,3,1,6,4,5,7,6,4,2,2,3,4,1,4,4,1,6,6,7,2,6,6,6,6,7,2,2,6,5,6,95,5,3,3,7,5,5,3,6,7,5,5,1,6,1,6,6,4,4,3,7,3,4,5,5,3,7,7,7,4,5,7,100,0,7,3,1,NaN,NaN,1,1,6,6.4,5,6.2,2.2,5.6,2.2,5.8,2.6,2.8,5.4,2,6.4,5.6,2.6,1.2,1.2,1.2,1.2,88.6,27.6,6,2,3.2,5.4,4.2,1.4,1.8,3.2,449.2,197.4,3.6,4.2,3.6,1.6,2.2,-24.56008197,-11.03990184,-1.602253336,-33.55959645
155,355,96,55,1,1,1,6,7,2,2,5,5,6,7,6,6,NaN,NaN,4,4,5,4,4,5,5,4,5,4,5,2,5,4,5,2,1,3,5,5,2,1,4,5,1,4,4,5,2,4,1,4,5,5,6,7,7,6,2,2,1,1,3,3,2,1,2,5,5,13,14,16,15,16,14,16,17,16,14,17,17,16,14,16,4,2,2,4,4,5,4,5,2,4,5,3,4,5,3,4,2,6,4,3,4,4,64,6,6,3,3,7,2,1,5,3,5,1,3,5,6,2,5,5,2,4,5,67,33,33,1,1,NaN,NaN,1,NaN,NaN,NaN,NaN,5,86,53,25,28,5,11,13,12,14,13,13,26,2,6,3,4,4,3,57,6,6,6,6,6,3,1,6,4,6,5,7,6,6,7,2,7,3,6,6,3,5,6,7,1,7,7,6,7,7,6,3,6,2,6,100,0,2,1,6,7,6,5,6,7,5,6,5,7,5,5,6,3,5,7,6,3,7,7,6,5,7,6,3,5,2,6,91,9,6,3,2,4,2,NaN,NaN,4.8,5.8,4.8,5.2,3.4,4.2,3.4,4.8,3,2.2,5.2,3.6,5.6,5.2,3.8,1.2,1.4,1.4,1.2,82.2,23.4,6,1.4,3.2,5.6,4.4,1.8,2.2,2.2,417.2,351.2,4.6,4.6,3.8,2.8,1.8,-8.531970007,1.905827767,7.590271828,-19.54168619
157,357,97,57A,0,0,1,7,6,4,6,3,5,6,6,1,5,NaN,NaN,3,3,4,4,4,5,4,4,4,4,4,4,4,4,5,2,2,2,5,5,2,2,5,5,2,5,5,5,2,4,2,4,4,2,6,6,6,6,3,2,2,2,4,3,3,4,3,7,5,15,15,15,17,17,14,14,16,16,13,17,17,17,14,16,5,1,1,5,5,4,1,2,1,5,5,5,5,5,3,3,2,7,4,3,4,2,51,3,7,1,1,7,3,1,7,4,4,2,6,2,5,5,5,5,5,5,5,81,19,37,2,1,NaN,NaN,NaN,NaN,NaN,1,NaN,1,82,68,35,33,9,14,10,13,15,15,12,27,1,5,3,3,3,1,41,3,4,4,1,7,1,3,4,3,7,5,4,5,5,6,5,7,1,7,6,3,3,5,6,2,7,7,6,6,7,2,5,6,6,7,96,2,1,1,7,6,7,5,4,7,7,7,1,7,1,7,7,1,1,7,7,1,7,7,6,6,7,6,5,5,5,5,98,2,5,2,2,NaN,NaN,2,2,7,6.8,6,6,1.2,5.6,1.2,6.6,2.2,1.2,6.6,2.8,6.2,6,2.6,1,1,1,1,98,13.6,5.6,1.8,3.4,5.2,4.4,1.6,1.2,2.4,413.2,220,1.8,6.2,1.8,1,1.4,-46.07476823,-14.40283782,-10.56217422,-67.11614475
158,358,98,58A,0,0,2,5,3,6,5,5,5,5,4,3,5,NaN,NaN,3,3,2,2,3,4,4,4,4,4,4,2,4,3,4,3,3,3,3,4,3,3,2,4,2,4,2,3,3,3,2,3,3,2,4,3,2,4,5,4,4,4,5,4,4,5,5,4,4,16,16,16,17,15,15,17,17,17,14,15,16,17,13,16,4,1,3,4,4,5,1,2,2,5,4,3,4,3,2,4,3,5,2,2,3,2,63,5,5,2,4,6,2,1,4,4,2,2,5,4,4,3,4,6,3,4,5,50,50,35,1,1,NaN,NaN,NaN,NaN,NaN,1,NaN,6,78,57,28,29,10,11,15,14,11,13,16,29,1,6,3,3,3,3,56,5,5,3,3,6,1,1,NaN,NaN,4,5,5,4,5,5,4,4,2,6,3,1,3,6,6,1,7,6,6,4,6,2,4,4,5,5,99,1,4,2,6,6,5,7,4,5,6,5,2,6,1,7,5,1,3,6,7,2,7,6,5,3,6,5,6,3,5,5,95,4,4,3,2,NaN,NaN,2,3,6.4,6.8,6,6.8,1.6,6.4,1.4,6.6,1.6,1.4,6.4,3.2,6.6,6.6,1.8,1.4,1.2,1.6,1.2,97.6,2,6.4,1.4,4,6.4,5.8,1.8,1,2.4,522,69.4,3,6.4,1.8,1.2,1.4,-32.99953437,-4.507516814,2.959099224,-59.41520569
160,360,99,60A,0,0,5,1,2,7,4,1,1,7,5,1,2,NaN,NaN,1,1,4,1,4,5,5,5,5,5,5,5,5,5,5,1,2,1,5,5,4,3,1,5,1,5,5,4,1,2,1,4,1,2,7,7,7,7,1,1,1,1,1,1,1,1,1,7,7,17,17,13,13,13,17,14,13,13,14,15,16,17,13,16,5,4,4,5,5,5,1,1,1,2,5,4,5,5,1,1,1,7,4,2,4,2,72,5,6,3,3,7,1,1,5,6,4,6,4,5,5,5,6,5,5,5,6,30,70,32,1,2,NaN,NaN,NaN,NaN,NaN,1,NaN,7,60,94,28,32,15,3,4,14,11,11,15,26,1,7,4,4,4,1,59,7,7,7,1,7,1,2,4,3,7,1,7,7,7,7,7,7,1,7,7,1,1,7,7,1,7,7,7,7,7,7,6,7,7,5,100,1,2,1,5,7,7,7,1,7,7,7,4,7,3,3,6,2,3,6,5,5,5,5,7,6,7,7,7,5,6,5,70,30,4,4,2,NaN,NaN,5,3,6,5.6,4.4,6.6,1.6,5.2,1.6,6.4,1.8,1.4,6,4,5.8,6.4,1.8,1.2,1.2,1.2,1.2,91.8,16.2,6.4,1.8,5,6.4,6.4,2,1.4,3.2,459.8,176.2,5,4.6,2.8,2.4,1.8,-21.3946794,-4.086270456,7.198125051,-37.14342974
161,361,100,61,0,1,4,5,7,7,7,6,7,2,7,7,7,NaN,NaN,3,1,1,1,3,5,5,5,5,5,5,5,5,5,5,1,1,1,5,5,1,1,1,5,1,5,1,5,1,5,1,5,5,1,1,1,1,1,1,1,1,1,1,4,4,1,1,1,1,13,13,17,17,17,17,17,17,17,13,16,16,17,14,17,4,5,1,5,4,5,2,1,2,5,5,4,5,5,4,4,1,6,1,3,1,1,60,3,1,1,1,7,4,3,5,4,1,1,7,1,7,4,7,6,6,4,4,50,13,34,1,1,NaN,NaN,NaN,1,NaN,NaN,NaN,3,102,61,30,31,3,11,15,14,13,6,6,12,1,7,4,3,4,2,60,6,4,4,1,7,2,2,7,5,7,2,6,6,7,7,1,4,1,7,7,2,2,7,7,1,7,7,7,7,7,1,2,7,1,7,100,0,1,1,1,7,7,5,4,6,7,7,1,7,1,7,7,1,4,7,7,1,7,7,6,3,7,5,7,2,1,7,65,36,7,4,2,NaN,NaN,3,3,5.2,5.4,4.4,5.6,3.2,4.6,2.8,5,2.6,3,5,3.8,6,6,2.6,1.2,1.2,1.2,1.2,85.4,7.8,6,1.4,4,5.8,3.4,2.2,1.4,2.6,403.2,286.4,5.2,5.2,3,2,1.6,-12.52804506,-2.387785301,2.015274027,-20.92953902
162,362,101,62A,0,0,2,6,2,6,3,4,2,4,1,1,4,NaN,NaN,4,3,2,4,2,5,5,5,5,5,5,2,4,5,4,2,2,3,4,4,2,2,3,2,4,4,4,2,4,2,2,4,2,2,6,7,3,7,3,1,3,3,3,2,3,5,4,7,4,15,15,17,14,14,17,16,15,16,16,16,15,17,13,16,3,2,2,5,4,4,3,4,2,3,4,2,4,4,2,3,3,6,2,2,3,3,60,5,4,1,3,6,2,1,4,3,5,5,2,4,3,2,6,6,2,3,6,40,50,40,1,1,NaN,NaN,NaN,NaN,NaN,1,NaN,6,89,50,23,27,7,5,11,14,9,21,18,39,1,6,3,2,2,2,60,6,6,2,2,6,1,1,NaN,NaN,5,4,6,6,5,5,5,4,6,3,4,2,6,5,6,1,7,6,7,7,7,4,4,6,2,6,100,0,4,2,6,5,6,4,5,6,5,5,2,6,3,5,5,4,5,6,6,2,7,5,6,5,6,4,1,7,2,6,99,1,4,2,3,NaN,NaN,2,2,5.8,6.2,5.2,6.6,1.2,5.6,1.4,6.4,1.6,1.4,6.2,3.2,6.4,6.4,2.2,1,1,1,1,94.4,6,6.2,1,4,6.2,5.4,1.8,1,3,464.2,179.6,3.2,5.6,2,2.2,1.8,-36.74051063,-11.02585229,-9.439637675,-49.50113714
163,363,102,63,1,1,3,1,2,6,4,6,3,7,2,1,4,NaN,NaN,2,1,1,1,2,4,4,4,4,4,5,2,5,4,4,2,2,2,4,4,2,2,2,4,3,4,3,3,4,4,2,3,2,2,2,3,6,4,3,3,3,4,4,3,3,5,6,3,4,16,16,14,15,16,15,15,15,15,14,16,16,16,14,16,4,1,2,4,4,5,2,1,2,5,3,4,3,4,2,4,2,5,3,2,3,2,50,4,6,3,2,7,1,1,7,6,6,5,5,3,5,5,5,4,4,7,2,79,30,24,2,1,NaN,NaN,NaN,NaN,NaN,1,NaN,6,93,58,29,29,12,10,9,12,12,15,17,32,2,7,3,3,4,2,45,6,6,3,2,7,3,3,5,5,7,3,5,7,6,6,3,3,3,6,6,4,4,5,6,3,7,7,7,7,7,2,2,5,5,5,93,3,3,1,6,5,6,7,2,7,7,7,5,3,7,5,5,6,2,6,6,7,3,6,5,3,6,7,5,5,6,5,31,69,4,4,2,4,3,NaN,NaN,5.8,5.6,5.2,6.2,2.4,6,2.6,4.8,3.4,2.6,5.6,2,5.8,5.8,2,2,1.4,2,1.4,78.4,15,6.2,1.6,3.4,5.8,5.8,1.8,2.8,3.2,350.6,173.4,4.2,4,3.8,3,2.2,-16.31868782,-0.712524168,9.648817996,-32.08933966
164,364,103,64,1,1,4,6,4,6,3,1,5,4,2,7,4,NaN,NaN,3,3,2,2,2,5,4,5,5,5,5,5,5,5,5,1,3,2,5,5,2,2,3,3,3,3,3,3,3,3,2,3,3,3,2,3,5,5,3,4,2,2,6,3,3,3,6,3,2,13,13,17,15,15,14,17,16,16,13,16,16,16,13,17,2,2,3,3,2,4,2,2,2,2,5,2,4,4,1,1,4,6,2,2,2,1,30,2,3,3,2,6,2,2,6,4,4,4,4,5,5,4,4,5,3,4,4,66,37,32,1,1,NaN,NaN,NaN,NaN,NaN,1,NaN,6,93,47,19,28,3,10,13,14,13,18,17,35,2,6,2,3,2,3,40,5,4,2,2,6,1,1,NaN,NaN,6,2,6,6,6,6,2,2,2,6,6,2,2,6,6,2,6,6,6,6,6,6,2,6,2,6,89,0,1,1,4,6,4,7,2,5,6,6,2,7,2,5,5,2,2,6,6,2,6,6,3,2,3,4,7,1,2,7,60,39,7,4,2,4,4,NaN,NaN,5.8,5.8,4.6,6.6,2.4,5.8,2.2,6.4,3,2.4,5.6,3.2,6,6.2,2,2,1.4,1.6,1.4,86.6,17.4,6.2,1.4,4,6,4,2.6,1.8,3.4,376.8,180.8,3.8,4.6,3,2.2,2,-13.33826858,3.64623839,10.06054414,-34.07317581
165,365,104,65,0,1,1,6,6,1,5,1,1,1,1,1,1,NaN,NaN,4,4,5,3,4,2,4,4,5,2,4,4,4,5,4,4,5,4,4,4,5,5,5,1,5,1,5,1,5,1,4,2,4,5,6,7,6,5,1,1,5,6,2,1,1,1,1,7,5,16,17,16,13,16,17,16,14,16,14,14,17,16,16,16,2,4,4,5,4,5,4,3,4,2,4,4,5,4,2,3,2,6,3,2,3,2,57,5,6,3,3,6,2,2,6,3,5,5,3,6,5,6,2,6,2,2,6,67,17,34,1,1,NaN,NaN,NaN,NaN,NaN,1,NaN,3,61,46,18,28,11,6,10,10,11,30,25,55,1,6,3,3,4,2,61,6,5,3,5,6,2,3,4,5,6,2,5,5,5,6,6,3,2,5,6,2,2,5,5,2,6,6,6,6,6,2,5,6,5,6,98,2,2,2,5,5,6,5,7,6,7,5,5,6,3,6,5,2,2,6,6,2,5,6,6,6,7,2,6,5,5,6,75,25,6,3,2,NaN,NaN,2,2,6.2,6.2,6,6.2,2.2,5.2,1.8,5,1.8,1.8,5.4,2.4,6.4,6.2,2.6,1,1,1,1,86.8,9.8,5.8,1.6,3.8,5.6,4.6,1.6,2,2.8,466.6,212.6,4,6,2.8,1.8,2,-36.72966064,9.336214199,11.18562768,-54.78208501
166,366,105,66,1,1,5,7,5,5,3,7,6,6,6,3,6,NaN,NaN,3,2,3,2,3,5,5,5,5,4,4,3,4,4,4,2,2,2,4,4,2,2,2,4,3,4,3,3,3,3,2,3,3,3,6,5,6,6,4,3,4,5,5,4,5,5,5,5,4,16,16,16,17,16,15,16,16,16,14,17,17,17,14,16,5,2,5,5,5,4,2,3,2,5,5,5,4,4,1,3,3,7,3,2,3,2,48,3,6,3,4,7,2,1,7,5,4,4,5,3,4,4,5,5,4,4,5,60,41,25,1,1,1,NaN,NaN,NaN,NaN,1,NaN,6,58,88,29,29,10,12,12,13,14,15,17,32,2,6,2,3,2,1,60,5,6,4,4,6,2,3,6,7,6,3,6,6,6,6,2,6,2,6,6,3,3,6,6,2,6,6,6,6,6,4,4,6,5,6,100,5,5,3,7,5,6,3,5,6,6,6,2,6,2,6,6,2,2,6,6,2,6,6,6,6,6,7,5,5,5,6,100,5,4,2,3,4,1,NaN,NaN,6.2,6.8,6,6.6,1.6,5.2,1.4,6.6,1.4,1.4,6,3.6,6,6,2.8,1,1,1,1,93.8,7,6,1.6,4.6,6,5,1.6,1.4,2.6,509.6,166.8,2.6,6,2,1.4,1.4,-41.87761055,-17.44082966,-10.07183062,-52.40326587
167,367,106,67,1,1,3,5,6,6,6,6,6,2,6,4,3,NaN,NaN,3,2,3,2,3,4,4,4,4,4,4,3,4,4,4,3,3,3,4,4,3,3,5,2,4,1,5,2,4,2,3,3,3,4,5,5,6,4,3,3,1,2,2,2,2,4,3,5,5,16,16,15,13,15,16,16,17,17,13,15,15,17,14,16,4,4,4,4,4,4,3,3,3,3,4,4,3,3,2,4,3,6,4,3,4,2,40,3,6,4,4,7,1,1,4,2,6,6,2,6,6,5,6,5,4,4,6,30,90,25,1,1,NaN,1,NaN,NaN,NaN,1,NaN,6,79,46,23,23,11,6,14,13,11,27,21,48,2,7,4,3,4,2,40,3,7,4,4,7,2,1,5,4,5,5,6,6,6,6,4,4,5,3,5,4,4,6,6,2,6,6,6,6,6,3,5,6,5,6,80,0,3,1,6,6,6,5,5,6,6,6,3,6,3,5,6,4,4,6,6,2,6,6,6,4,6,4,5,5,5,6,80,50,4,3,2,4,2,NaN,NaN,5.2,6,5.6,3.8,3.4,4,3,4.2,3,2,4.2,2.4,6.2,5.6,3.6,1,1,1,1,79,8,5.8,1.4,4,5.6,5.4,2,2.4,2.2,357.4,380,5,5.6,3.2,2.6,1.6,-18.56703348,-6.325647346,-0.891223931,-29.54289678
168,368,107,68,1,1,2,5,4,6,5,5,4,3,4,3,4,NaN,NaN,2,1,3,2,3,4,4,4,4,3,4,2,4,5,4,2,2,2,4,5,2,3,3,2,4,2,5,2,4,2,5,1,1,3,3,5,6,6,2,1,3,2,5,3,2,4,5,6,5,16,16,14,14,14,16,15,16,16,13,17,17,17,13,17,5,2,1,5,4,4,1,2,1,4,5,5,5,5,3,4,2,6,2,2,3,2,50,6,6,2,3,7,1,1,4,3,5,4,3,5,3,2,6,5,3,4,6,71,30,30,2,1,NaN,NaN,NaN,NaN,NaN,1,NaN,4,87,65,33,32,12,6,11,15,15,24,26,50,2,6,3,3,4,2,50,5,7,5,2,7,2,3,5,7,6,3,7,7,7,6,3,4,1,7,6,5,2,6,6,2,6,7,7,7,7,1,5,7,6,6,100,1,5,3,6,7,6,5,5,6,6,6,5,6,3,5,6,3,5,6,6,2,7,7,6,6,6,6,2,6,6,5,80,20,4,3,2,3,4,NaN,NaN,4,5.2,4.8,5.2,4.6,4.8,3.6,3,4.2,3,3.6,1.8,6,4,4,1.4,1.2,1.4,1.2,65.6,31.8,5.4,1.4,3.4,5.4,5.8,2,3.2,2.8,289,409.4,4.6,3,4.4,3.2,2.6,-3.683724325,9.301230791,14.57780715,-5.017160679
169,369,108,69,1,1,5,4,5,7,6,7,5,7,7,1,4,NaN,NaN,3,2,3,3,3,4,4,3,4,2,5,3,5,5,4,1,2,2,5,4,1,1,4,5,1,4,1,4,1,4,1,4,5,1,3,1,3,1,7,4,2,3,6,7,6,4,5,2,1,14,13,17,17,17,13,17,15,16,16,17,17,16,16,14,5,2,1,4,5,5,1,3,1,4,5,5,4,4,3,4,1,7,4,4,4,3,30,3,7,3,4,7,1,1,4,3,5,1,6,4,4,3,5,4,4,4,7,60,40,28,2,1,NaN,NaN,NaN,NaN,NaN,1,NaN,7,63,87,34,29,4,15,12,8,12,11,8,19,2,7,3,4,4,3,60,5,7,4,3,7,1,1,NaN,NaN,6,2,7,7,7,7,1,6,1,7,7,2,3,7,7,1,7,7,7,7,7,2,4,6,3,6,100,0,3,2,6,7,7,4,5,7,7,7,1,6,1,7,7,2,3,7,7,1,7,7,6,2,6,3,2,4,2,5,100,0,4,2,2,5,1,NaN,NaN,4.4,4.4,3.2,5.8,2.8,6.4,2.6,5.4,2.4,3.6,4.2,3.4,6.2,6.2,2,2,1.6,1.6,1.6,73,35.4,6.6,1.4,4,6.6,5.8,2.4,2.2,4,312,91.4,3,2,3.6,2.8,2.4,-11.65219086,-0.335097408,13.68932186,-12.48060569
170,370,109,70,0,1,4,6,5,7,4,5,5,7,6,7,7,NaN,NaN,1,2,2,1,1,4,5,5,5,5,5,2,5,5,2,1,1,1,5,5,1,1,1,5,1,5,1,5,1,5,1,5,5,1,3,4,3,4,3,2,2,3,5,2,5,5,5,4,1,13,13,17,17,17,13,17,17,17,13,17,17,17,14,16,5,1,1,5,4,5,3,1,1,5,5,5,5,5,3,4,3,6,2,3,3,1,30,2,5,5,2,6,1,1,5,7,1,1,7,1,7,7,7,5,6,7,5,61,40,34,1,1,NaN,NaN,NaN,NaN,NaN,1,NaN,5,103,67,32,35,3,15,15,13,15,6,6,12,1,6,3,3,3,1,41,2,6,6,2,7,2,4,5,2,7,2,7,7,7,7,3,5,1,7,7,1,7,7,7,1,7,7,7,7,7,1,2,7,2,7,100,0,1,1,5,7,7,3,6,7,7,7,1,7,1,7,7,2,5,7,7,2,7,7,7,7,7,3,5,7,5,7,55,45,6,3,3,NaN,NaN,2,2,5.8,6.2,5.2,6.6,1.6,5.8,2.2,6.4,2.2,1.6,6,3.4,6.4,6.2,1.8,1.2,1.2,1.2,1.2,92.2,24.2,6.4,2,3,5.2,4.8,1.6,1.8,3.8,419.4,176.6,3.2,3.6,3.2,1.4,3,-30.01996255,-5.952148861,-0.821745459,-51.75397523
171,371,110,71,0,1,1,6,4,4,1,2,6,5,4,6,6,NaN,NaN,3,2,2,2,3,5,5,5,5,5,5,3,4,5,4,3,3,4,5,5,2,3,3,4,4,4,4,2,3,2,3,2,3,2,5,3,1,4,6,5,3,1,4,5,5,5,4,3,5,16,16,17,14,15,16,16,17,17,15,16,16,17,15,17,5,1,1,5,4,5,1,1,1,5,5,4,5,5,1,2,4,6,3,4,3,1,60,5,4,4,2,6,2,2,4,5,5,3,3,5,4,4,6,4,4,4,3,50,50,38,2,1,NaN,NaN,NaN,NaN,NaN,1,NaN,6,89,68,33,35,9,7,14,13,11,19,19,38,1,6,4,3,4,1,60,6,5,3,2,6,3,3,5,6,4,4,4,6,6,5,2,6,2,5,4,3,5,6,7,4,6,6,5,4,7,7,2,5,4,6,100,1,3,1,5,7,4,4,4,5,7,3,5,7,7,6,6,2,5,5,7,4,7,7,4,5,7,7,7,2,5,7,90,10,3,4,2,NaN,NaN,2,2,6.2,5.8,5.2,6.2,3,5.2,3.4,4.2,5.2,1.8,5.6,4.2,6.2,6.2,2.4,1,1,1.4,1,90.6,25.4,5.4,1.4,4,5.2,4.8,2,1.4,2.4,439.8,223.4,3.6,5.6,2.6,2,1.6,-23.88808259,-11.0389008,-0.093783084,-29.72751361
174,374,111,74A,0,0,2,1,4,7,4,4,4,4,4,3,5,NaN,NaN,4,2,3,2,3,4,5,5,5,4,4,2,4,3,3,4,4,4,3,4,2,2,3,4,2,3,2,3,3,4,3,3,3,2,5,3,4,5,2,1,2,2,4,3,4,3,4,6,4,16,16,15,14,13,16,16,16,16,16,16,16,17,16,16,5,3,3,4,4,3,2,3,2,4,3,4,3,4,2,4,1,7,3,3,3,3,41,3,6,2,3,7,2,1,3,2,5,1,4,5,2,2,2,7,2,2,2,10,90,30,1,1,NaN,NaN,NaN,NaN,NaN,1,NaN,7,78,51,28,23,11,5,12,11,10,15,16,31,1,7,3,3,3,2,20,2,6,4,3,7,1,2,4,3,7,4,6,6,6,6,1,4,1,7,6,1,2,7,7,1,7,7,7,7,7,2,2,6,2,6,100,0,1,1,4,5,7,5,6,7,7,7,1,6,1,7,7,2,2,7,6,3,7,7,6,5,6,5,2,6,2,6,60,40,7,4,3,NaN,NaN,2,3,4.2,5,4.2,6.2,3.2,6.4,2.6,5,2.8,3.8,4.2,2.6,6.2,5.4,2,2.2,2,1.6,1.6,75.6,51.4,6.4,1.4,4,6.2,6,2.6,2.2,3.8,347.2,155.4,3.8,2.6,4.8,2,3.6,-10.07974631,1.424726482,13.58341949,-5.341783331
175,375,112,75,1,0,5,1,7,6,2,1,4,7,4,1,7,NaN,NaN,2,2,1,4,2,4,5,5,5,5,5,4,4,4,5,1,1,1,4,4,1,1,1,5,1,5,2,4,2,4,2,4,4,2,6,5,7,7,1,1,1,1,1,2,1,1,4,7,6,14,13,17,16,16,14,14,13,16,13,17,17,17,14,16,5,1,1,5,4,5,2,1,1,4,5,5,5,5,3,3,4,7,3,3,3,3,50,5,7,4,2,7,2,1,7,3,5,1,3,5,6,2,6,5,3,3,5,50,50,31,1,1,NaN,NaN,NaN,NaN,NaN,1,NaN,6,67,96,32,35,4,12,7,13,15,8,12,20,2,6,3,3,3,2,40,3,7,5,2,7,2,1,3,4,6,5,3,5,6,2,5,5,2,6,6,2,5,6,6,2,6,6,7,6,6,6,6,2,3,5,90,10,2,1,5,6,6,3,5,5,6,6,2,5,3,5,6,2,2,6,6,2,6,6,6,2,5,5,5,3,3,5,80,20,2,3,1,1,1,NaN,NaN,6.2,5.8,4.4,6.4,1.8,6.2,2.4,5.8,1.8,2.4,5.8,2.8,6.4,6.2,2.2,1,1,1,1,88,22.8,6,1,4,6,5.4,2,2.2,3.4,486.6,165.8,2.8,3,3.4,2,2.4,-30.84818766,-17.69657656,-11.40533909,-46.69269784
242,442,113,42B,0,0,3,5,3,6,5,7,6,6,4,1,6,NaN,NaN,2,3,1,4,2,4,4,4,4,4,5,2,5,4,2,3,2,2,2,5,2,3,2,4,4,4,4,4,3,4,2,4,2,3,5,5,5,4,2,1,3,2,5,2,2,3,6,3,2,16,15,15,14,15,15,14,15,15,13,16,15,16,14,15,4,1,1,2,3,4,2,3,2,3,5,3,2,4,3,2,2,5,2,2,3,2,63,5,6,3,3,6,2,2,4,3,5,4,5,5,6,5,6,3,4,4,3,56,36,24,2,1,NaN,1,NaN,NaN,NaN,NaN,NaN,6,83,51,26,25,10,8,8,11,12,16,16,32,1,5,3,3,3,1,55,5,5,4,3,6,3,2,6,5,5,3,5,5,5,5,2,5,2,5,5,4,4,5,5,2,5,4,6,6,6,3,3,5,3,5,83,17,3,2,6,5,4,3,4,5,5,5,2,4,3,6,5,4,4,5,2,2,5,5,6,5,5,3,3,5,3,5,66,13,6,3,3,NaN,NaN,3,4,5,6,5.4,4.4,4,4.8,2.8,4,4,1.8,4.2,2.4,6,5.4,3.2,1,1,1,1,79.8,6.6,6,1.4,4.4,5.8,5.8,1.4,2.4,2.4,378.8,304.4,4.4,5.6,2.6,2,1.6,-24.10225227,-2.871395695,7.151955658,-38.34073534
248,448,114,48B,0,0,2,1,7,7,7,7,7,7,7,1,7,NaN,NaN,3,2,2,2,2,4,5,5,5,5,5,1,5,5,5,1,1,1,5,5,1,1,1,5,1,5,1,5,1,5,1,5,5,1,1,1,1,1,7,1,4,5,6,7,7,7,7,1,1,13,13,17,17,17,13,17,17,17,13,17,17,17,13,17,5,1,1,5,5,5,1,1,1,5,5,5,5,5,4,2,1,7,4,4,4,1,70,5,7,1,1,7,1,1,7,1,1,1,7,1,1,1,1,7,1,1,7,49,70,31,1,1,NaN,NaN,NaN,1,NaN,NaN,NaN,7,103,70,35,35,3,15,15,15,15,6,6,12,1,7,4,4,4,3,50,3,7,1,1,7,4,1,7,4,7,7,7,7,7,7,2,4,1,7,7,4,4,7,7,1,7,7,7,7,7,3,5,6,5,6,100,0,1,1,5,7,4,7,1,4,7,7,3,5,2,6,4,4,4,3,7,4,7,7,2,1,1,7,6,2,6,6,0,100,1,4,1,NaN,NaN,4,2,3.6,3.4,2.6,6,4.2,6.2,3.4,4.8,2.4,4.6,3.6,3,6.2,6.2,1.2,2.8,1.8,2.4,1.8,37.2,76.2,7,1.4,4.4,7,6.4,3.6,3.4,4.2,141.4,123.8,6.6,1.2,5.6,3.4,4,9.537298216,20.20743132,30.366772,16.02685643
251,451,115,51B,0,0,5,2,4,3,2,5,3,2,5,2,5,NaN,NaN,3,2,4,2,2,4,4,4,4,4,4,2,4,4,4,5,5,5,4,4,2,2,4,3,4,2,4,2,4,2,4,2,2,4,5,6,3,5,2,2,2,2,2,1,2,2,2,7,7,16,16,16,14,14,17,15,17,17,14,16,17,16,17,16,4,2,4,5,5,5,1,5,1,5,5,5,5,5,1,4,3,5,2,1,2,1,71,5,5,3,1,7,2,2,6,5,5,5,3,5,5,5,5,5,3,3,5,40,60,26,2,1,NaN,1,NaN,NaN,NaN,NaN,NaN,5,61,76,31,30,10,5,13,9,13,23,24,47,1,6,3,3,3,1,70,6,6,3,3,7,3,2,5,5,6,3,6,6,6,6,2,6,4,6,6,3,3,6,6,3,6,6,6,6,6,3,3,5,3,5,90,10,3,3,5,3,6,5,3,6,6,6,3,6,4,6,6,3,3,6,6,3,6,6,6,6,6,3,5,5,3,5,80,20,3,3,2,NaN,NaN,3,4,6.2,5.8,4.2,6,1.6,5.4,2,5.8,1.8,2.4,5.6,4.2,5.8,6.4,2.6,2.2,2,2.6,1.4,86.2,20.4,6.6,1.2,4.6,6.6,5.8,2.6,1.8,3.8,315.6,149.6,4.6,4,4,2.6,2.8,-6.844914649,15.36392553,20.27678074,-38.88472135
252,452,116,52B,0,0,3,5,3,6,4,6,5,6,3,3,2,NaN,NaN,3,3,2,1,4,5,5,5,5,5,5,3,5,5,5,3,3,3,5,5,2,2,4,2,4,2,5,1,5,3,4,2,1,3,5,7,7,7,3,1,1,1,2,1,1,1,4,7,6,17,17,17,15,13,17,16,15,16,13,15,17,17,14,16,5,2,1,5,5,4,1,1,1,4,5,4,3,4,2,2,4,5,3,3,4,3,50,4,5,4,2,7,2,1,3,1,7,1,3,5,5,1,5,5,5,7,5,39,60,38,2,1,NaN,NaN,NaN,NaN,NaN,1,NaN,6,92,63,33,30,11,5,11,13,13,26,24,50,1,6,4,3,4,3,50,4,5,4,3,6,2,2,5,5,6,5,4,6,7,7,1,4,1,7,7,4,4,6,6,2,7,7,7,7,7,5,2,6,1,7,100,0,5,2,6,7,6,3,4,7,7,7,1,5,1,7,7,2,6,7,7,1,7,5,6,5,6,7,5,5,1,7,100,0,3,2,2,NaN,NaN,1,1,7,6.8,6.2,6.8,2.4,6,1.2,6.8,1.4,1.4,7,4.6,6,6.6,1.8,1,1,1,1,96.4,2.6,6,1.8,5,6,6,2.2,1.2,1.4,495.4,128.6,2.8,6.6,1.4,1.2,1,-48.94322863,-15.21756961,-14.16650362,-65.57872996
254,454,117,54B,0,0,4,7,7,1,7,1,7,1,7,7,7,NaN,NaN,1,1,4,5,5,2,1,1,1,1,3,5,1,3,1,5,5,5,3,1,1,1,1,3,1,4,3,3,3,3,1,3,2,3,7,7,7,7,1,1,1,1,1,1,1,1,1,7,7,16,14,14,14,14,17,16,17,17,13,17,17,14,17,14,5,3,1,1,5,2,1,5,1,5,1,5,2,2,1,2,4,7,4,3,4,4,55,6,7,1,5,7,1,1,3,4,5,6,3,4,1,1,1,7,1,4,7,1,90,39,2,1,NaN,NaN,NaN,NaN,NaN,1,NaN,1,46,47,35,12,10,5,14,5,15,13,17,30,1,6,4,4,4,3,46,3,7,2,5,7,3,3,4,4,7,1,7,7,7,7,1,7,1,7,7,1,1,7,7,7,7,7,7,7,7,1,1,7,7,7,100,0,2,1,4,7,7,2,5,7,7,7,1,7,1,7,7,1,1,7,7,1,7,7,6,6,6,1,4,6,7,7,100,0,4,2,2,NaN,NaN,5,1,4.6,5,4.2,2.2,2.6,3.2,2.2,4.6,2.4,2.2,3.8,1.4,5.6,4.8,3.8,1.2,1.4,1.2,1.2,66.8,28.2,6.4,1.2,3.8,6.2,2,2.4,2.4,2.6,233.8,403.2,6,3,3.8,2.4,2.4,-12.46780886,-1.22577515,8.51223195,-24.34492842
257,457,118,57B,0,0,1,6,7,2,7,1,7,1,7,5,7,NaN,NaN,3,3,4,3,3,5,4,5,4,4,3,4,5,5,4,1,1,2,4,5,2,1,4,5,2,4,2,3,3,4,2,3,4,2,6,3,7,4,5,2,4,1,5,5,5,2,5,3,4,13,14,16,15,16,16,15,15,16,16,16,16,16,16,17,2,3,4,5,4,4,5,2,3,2,4,3,2,1,1,4,3,7,1,3,2,2,40,3,6,6,2,7,2,2,7,6,2,2,6,3,5,5,7,4,4,5,5,74,25,28,1,1,NaN,NaN,NaN,NaN,NaN,1,NaN,4,87,40,17,23,5,9,10,11,10,14,14,28,1,6,1,4,3,2,85,5,6,6,2,7,1,1,NaN,NaN,6,4,4,5,5,4,3,4,2,6,5,2,5,6,6,1,6,6,6,6,6,4,2,5,1,6,100,0,3,1,5,7,6,4,5,6,7,6,2,6,1,6,6,3,5,6,6,2,6,6,6,5,7,4,5,5,3,6,92,8,6,3,2,NaN,NaN,4,1,6,6.4,5.8,6,2,5.4,2.2,4.6,2.4,1.6,4.8,1.8,6.4,6.2,2.4,1,1,1,1,92,2.4,2.6,1.4,3.8,2.4,5.4,1.6,1.4,1.8,439.2,195,3.6,5.6,2,1.6,1.4,-23.37815203,-8.655127748,-7.005803571,-28.74600451
258,458,119,58B,0,0,2,2,2,7,3,2,1,4,2,1,4,NaN,NaN,2,3,3,2,3,3,4,4,5,4,4,3,4,3,3,5,4,3,3,3,4,4,3,2,5,2,5,1,4,2,4,1,1,3,4,5,5,5,3,3,2,2,3,2,1,2,1,7,7,17,17,14,13,13,16,13,16,14,14,13,16,15,15,15,2,3,3,3,4,4,4,3,3,2,3,2,3,4,2,4,4,7,2,4,4,3,37,4,6,1,2,7,1,1,4,1,7,5,1,7,2,1,1,7,2,1,7,2,98,33,1,1,NaN,NaN,NaN,NaN,NaN,1,NaN,4,70,41,18,23,14,4,7,9,9,26,25,51,1,7,4,4,4,4,23,4,7,1,3,7,2,1,5,1,5,1,5,6,6,7,2,6,2,7,7,5,2,5,7,3,6,6,7,6,7,2,3,7,3,7,99,1,7,2,7,1,1,7,1,1,6,5,7,4,7,1,1,4,4,3,7,7,3,7,1,1,2,7,7,2,2,7,1,99,1,4,1,NaN,NaN,3,3,3.8,4.8,2.4,5.8,4.4,5.8,4.4,3,4.8,4.2,3.2,2.4,5.6,5.4,2,3,1.4,1.2,1.2,58,46.2,6.6,1,4,6.6,6.2,2.8,2.4,3.6,260,163.8,6.8,1.2,6,2.4,4.4,13.91924266,37.10583622,41.25595336,25.0532408
260,460,120,60B,0,0,5,4,2,2,2,6,7,6,6,4,4,NaN,NaN,3,2,2,2,4,4,4,4,4,4,4,2,4,4,4,4,4,2,3,4,4,3,3,4,4,4,4,3,3,3,3,4,3,2,2,2,2,4,4,2,2,2,2,3,2,1,2,1,2,15,15,16,15,15,16,16,16,16,14,16,15,15,16,14,4,4,2,3,2,4,4,4,2,4,4,4,3,4,1,2,3,5,2,2,2,3,54,4,5,3,1,7,2,1,7,3,5,5,3,4,5,3,4,2,7,4,7,89,15,31,1,1,NaN,NaN,NaN,NaN,NaN,1,NaN,6,46,77,24,22,8,8,12,7,11,18,16,34,1,7,2,3,3,3,59,5,5,3,3,7,3,3,7,6,6,6,6,6,6,6,2,4,4,5,4,2,2,5,5,6,7,6,7,7,7,7,1,6,1,6,100,0,6,2,6,7,7,7,7,7,6,5,4,7,2,7,5,1,5,7,7,4,7,7,7,3,7,7,6,5,1,7,95,5,4,3,3,NaN,NaN,1,4,5.8,5.8,5.4,6,2.6,5.4,2.2,5.8,3.2,1.8,5,3.8,6,5.6,2.8,1.2,1.2,1.2,1.2,88.6,16,6,1.8,4,5.8,5.4,1.6,1.8,3,412,217.6,3.6,6,2.2,2.4,1.6,-26.04723184,-7.123981039,0.415777072,-32.19194857
262,462,121,62B,0,0,2,5,6,7,6,5,5,5,5,5,5,NaN,NaN,2,2,1,2,2,2,4,4,5,4,4,4,5,5,4,2,2,2,4,4,1,1,2,4,2,4,2,4,1,4,2,4,4,1,1,3,3,2,4,1,1,1,1,1,5,3,2,5,3,13,13,13,16,16,16,16,16,17,13,13,16,16,13,17,4,3,2,4,4,4,2,2,2,2,4,4,4,4,2,2,3,7,4,4,4,2,52,5,5,4,1,7,5,3,5,5,2,3,3,3,5,5,5,6,5,5,3,78,37,32,1,1,NaN,1,NaN,NaN,NaN,NaN,NaN,5,90,53,26,27,7,10,13,14,10,12,10,22,1,6,3,3,2,1,39,3,4,4,1,7,2,3,4,5,7,3,7,7,7,7,7,3,1,7,7,7,3,7,7,3,2,7,7,7,7,1,3,7,7,7,100,1,5,1,7,5,7,3,7,7,7,7,1,6,1,7,7,7,3,7,7,3,7,7,7,7,7,2,3,7,7,7,100,1,6,2,2,NaN,NaN,4,2,5.8,6.2,6.4,6,1.8,5.2,1.8,6,2,2,5.2,1.8,6.2,5.4,2.2,1.2,1.2,1.4,1.2,83,6.4,5.6,2.2,3,5.2,4.6,1.6,1.6,2,416.6,269.8,3.2,6,2.6,1.6,1.8,-21.43410439,-6.878429521,-0.331609703,-33.27234842
274,474,122,74B,0,0,2,3,3,6,3,6,3,6,3,2,3,NaN,NaN,2,2,2,2,4,4,4,4,4,4,4,2,4,4,4,4,2,2,4,4,4,4,2,4,2,4,2,4,4,2,2,4,2,2,5,6,6,6,3,2,3,2,3,2,2,3,5,6,5,16,14,16,16,16,14,16,16,16,14,16,16,16,14,16,4,2,2,4,4,4,2,2,2,4,4,4,4,4,2,4,3,6,3,3,3,2,40,3,5,3,2,7,3,1,5,3,5,5,3,5,5,3,5,5,3,3,5,50,50,28,2,1,NaN,NaN,NaN,NaN,NaN,1,NaN,7,80,56,28,28,8,12,12,12,12,12,18,30,1,6,3,3,3,2,40,3,6,3,3,7,1,1,NaN,NaN,6,2,6,6,6,6,2,4,3,6,6,2,2,6,5,2,6,6,6,6,6,3,2,6,3,5,100,0,2,1,7,7,6,3,3,6,6,6,3,6,3,5,6,5,3,3,6,2,6,6,2,2,6,6,5,5,5,5,75,25,3,1,2,NaN,NaN,2,5,4.6,4.8,2.4,5.6,3.6,4.4,2.4,4.8,2,2.8,5,3,6.4,5,3.8,1.4,1.6,1.4,1.2,82.4,33.4,6.8,1.2,4.2,6.8,6.2,2.6,3.2,2.6,375.2,185.4,3.8,2.8,3.4,3,2.4,-21.12018091,5.246291547,10.00034137,-33.01536103
307,107,1,7,1,0,4,5,6,5,4,4,2,2,3,1,6,NaN,NaN,3,3,4,2,4,4,4,3,4,4,4,3,4,4,4,3,3,3,4,4,2,2,3,4,2,3,2,3,2,4,2,4,3,2,5,6,6,6,2,2,2,2,3,3,1,2,2,5,5,17,16,14,14,15,16,16,16,16,13,15,17,14,16,15,4,2,2,4,5,4,2,2,2,4,4,5,4,5,NaN,NaN,NaN,1,2,2,4,3,100,3,2,6,1,7,6,2,7,NaN,NaN,NaN,NaN,NaN,NaN,NaN,NaN,NaN,NaN,NaN,NaN,NaN,NaN,38,2,1,NaN,NaN,NaN,NaN,NaN,1,NaN,5,77,59,30,29,13,7,12,7,13,15,13,28,2,2,2,3,3,3,50,3,3,6,2,7,1,2,4,3,6,3,6,6,4,4,3,5,2,6,NaN,4,4,6,6,NaN,6,NaN,6,6,6,2,6,5,6,6,85,15,5,2,7,2,4,3,4,5,6,6,5,5,3,4,NaN,3,4,5,5,NaN,6,NaN,6,5,6,3,5,5,6,6,40,60,3,2,2,4,4,NaN,NaN,5.2,5.2,4.4,5.6,3,5,2.4,5.8,2.6,2,4.8,2.2,6.2,6,3.2,1.2,1.2,1.2,1.2,78.4,22.4,2,1.4,4,2.2,5.2,2,1.8,3.4,438.6,250.2,3.8,5,2.8,2.2,2,-21.47442436,-7.39183774,-5.811351867,-33.15795751
310,110,2,10,1,1,5,7,3,1,1,1,1,1,4,7,5,NaN,NaN,4,4,3,2,2,4,4,5,5,4,4,3,4,5,4,3,4,2,5,5,2,2,4,2,4,2,5,2,3,2,4,2,2,4,7,5,5,7,4,2,2,1,3,2,1,3,2,7,7,17,17,14,13,13,17,17,17,17,14,16,17,17,13,15,3,2,5,4,3,4,4,5,5,3,3,3,4,5,NaN,NaN,NaN,1,4,4,4,3,40,5,2,6,1,4,7,6,7,1,7,5,2,7,NaN,NaN,NaN,NaN,NaN,NaN,NaN,NaN,NaN,28,1,1,NaN,NaN,NaN,NaN,NaN,1,NaN,2,41,84,16,25,14,3,15,13,13,25,23,48,2,1,4,4,4,3,50,1,3,7,1,5,3,2,6,5,6,3,5,6,6,6,2,4,1,6,7,2,6,6,7,NaN,NaN,6,7,7,7,2,2,7,2,7,100,0,7,5,7,1,6,7,2,6,7,7,2,7,2,6,6,4,4,6,7,NaN,NaN,7,6,6,7,5,3,5,1,7,90,10,7,4,1,2,4,NaN,NaN,5,6,5.4,6,1.8,6,2,6,1.6,2,5.6,3,6,6.2,2.2,1.2,1.2,1.2,1.2,89,11,2.6,1.8,3.4,3,4.2,1.6,1.6,2.8,451.2,130.8,4.6,6,2.4,2,1.4,-27.66862893,-2.41189452,4.871797239,-35.6546003
313,113,3,13,1,0,5,6,7,7,7,5,7,1,7,1,7,NaN,NaN,3,2,2,2,4,5,5,5,5,5,5,3,5,5,5,2,2,2,5,5,2,2,2,4,3,4,3,4,3,3,2,4,3,2,3,7,7,7,1,1,1,1,1,1,2,3,2,6,4,16,16,16,15,15,16,16,16,16,13,17,17,17,15,16,5,1,2,5,5,5,2,2,1,4,5,5,4,5,NaN,NaN,NaN,1,3,2,3,1,80,1,2,6,1,2,6,6,6,3,4,4,5,4,NaN,NaN,NaN,NaN,NaN,NaN,NaN,NaN,NaN,32,2,1,NaN,NaN,NaN,NaN,NaN,1,NaN,3,65,95,32,33,10,8,12,12,15,14,15,29,2,5,4,4,4,1,50,5,3,6,1,7,3,4,6,3,6,2,6,7,6,7,3,6,3,6,6,5,1,7,7,2,7,7,7,7,7,2,6,7,7,7,100,0,7,2,7,5,7,5,6,7,7,7,2,6,3,7,7,5,3,7,7,2,7,7,7,7,7,6,6,6,6,6,100,0,5,4,3,4,2,NaN,NaN,4.6,4.8,3.4,3.8,4.2,4,4.4,3,5.4,2.4,4.8,1.4,5.8,3.6,4.6,1.2,1.2,1.2,1.2,73.4,33.6,1.6,1.2,3.8,1.8,2.8,2.2,3.4,2.4,161.8,422,5.6,3.8,3.8,3,2.2,-19.67174597,-5.845908277,1.862362409,-32.30862803
315,115,4,15,1,0,3,5,6,2,6,1,7,1,7,3,6,NaN,NaN,5,4,5,3,1,4,5,4,4,1,5,1,5,5,5,5,5,1,5,4,1,1,4,4,1,5,5,4,4,4,3,3,4,1,7,1,7,6,6,1,5,1,5,7,5,5,7,1,1,13,13,17,13,13,17,17,16,16,14,16,17,17,13,17,5,4,4,5,4,5,1,5,5,4,5,3,5,5,NaN,NaN,NaN,1,4,3,3,3,20,6,4,4,1,7,5,1,7,5,5,6,5,5,NaN,NaN,NaN,NaN,NaN,NaN,NaN,NaN,NaN,25,1,1,NaN,NaN,NaN,1,NaN,NaN,NaN,3,81,52,24,28,3,3,13,15,13,15,15,30,2,1,4,4,4,1,31,6,4,4,1,7,1,1,NaN,NaN,7,5,6,7,6,6,1,7,1,7,7,1,1,7,7,1,7,7,7,7,7,7,5,5,5,6,100,0,5,1,7,5,7,7,7,7,7,7,1,7,1,7,7,1,7,7,7,1,7,7,7,7,7,7,5,6,5,6,100,0,3,1,3,1,1,NaN,NaN,5.8,6.2,5.4,6.4,1.4,6,1.8,6.2,1.6,2,5.4,4.2,6,6.2,2,1.4,1.4,1.6,1.2,90,12.2,2.2,1.4,3.4,2.4,4,2.2,1.4,3.4,346.8,138.2,2,5.8,2.4,1.4,1.6,-31.5468777,-11.91530349,-6.33351567,-40.3319678
318,118,5,18,1,1,1,1,6,7,6,7,4,6,5,2,1,NaN,NaN,3,2,4,1,3,4,5,4,4,3,4,3,4,4,3,2,2,3,3,4,3,3,4,4,2,5,2,4,4,4,2,5,4,2,5,3,5,6,4,3,4,3,5,5,6,5,5,3,3,15,16,15,16,16,14,16,17,16,15,16,15,15,16,17,5,3,2,4,4,5,2,2,1,4,4,5,3,4,NaN,NaN,NaN,1,3,4,4,3,60,3,7,1,1,4,6,4,7,2,4,2,3,5,NaN,NaN,NaN,NaN,NaN,NaN,NaN,NaN,NaN,22,2,1,NaN,NaN,NaN,NaN,NaN,1,NaN,7,79,58,31,27,10,12,13,10,10,13,13,26,2,1,4,3,4,2,59,3,1,7,1,5,1,1,NaN,NaN,6,2,7,6,6,5,1,7,1,6,6,2,6,7,7,1,6,6,7,6,7,1,2,7,2,7,95,6,7,3,7,1,2,7,1,1,6,5,7,6,5,2,1,3,5,5,7,6,6,6,1,1,1,3,7,1,1,7,9,91,1,4,1,5,3,NaN,NaN,5.6,5.2,3.8,6.2,1.8,5.6,2,5.2,2.6,2.2,5.6,3.2,6.2,6,2.4,1,1,1,1,83.6,23.4,1.8,1.2,4.2,1.8,5.8,2.2,2,3.6,373.8,209.8,4.4,3,3.6,1.8,2.8,-15.73776297,-4.20823977,5.385438112,-11.83213974
320,120,6,20,1,0,5,1,7,7,7,7,7,1,7,1,7,NaN,NaN,3,2,4,1,5,5,5,5,5,4,5,5,3,3,4,3,3,3,3,4,1,1,3,3,3,3,3,3,3,4,3,3,4,2,5,3,7,3,5,4,5,4,6,7,7,4,4,4,1,17,16,16,15,14,13,16,17,17,15,16,17,16,16,16,5,5,1,3,5,5,1,5,1,5,4,4,4,3,3,4,2,1,4,1,4,4,61,5,1,7,1,4,7,5,7,4,4,1,6,2,1,1,1,7,1,1,7,11,90,37,3,1,NaN,NaN,NaN,NaN,NaN,1,NaN,7,55,81,34,21,11,10,14,10,12,18,15,33,2,6,4,3,4,1,60,5,5,4,5,7,3,2,4,5,6,5,5,6,7,7,5,4,1,6,6,4,4,6,6,1,6,6,7,7,7,7,1,7,1,7,100,0,7,5,7,6,6,2,7,7,7,7,2,4,2,6,6,4,4,6,6,1,7,7,7,7,7,4,1,7,1,7,100,0,7,4,4,3,1,NaN,NaN,6,6.6,6.6,6,1.8,4.4,2.6,5.6,3.6,2.2,5.4,1.8,6.4,5.4,3.2,1.6,1.2,1.2,1.6,95.2,2.4,4.4,2.4,3.6,6.6,6.2,1.8,1,1,501.4,212.6,2,7,1,1,1,-25.90325245,0.210228876,2.697109116,-43.47528225
321,121,7,21,1,1,4,3,6,7,7,7,7,6,4,2,5,NaN,NaN,3,2,2,1,4,4,4,4,4,4,4,3,4,4,4,3,4,4,4,4,2,2,3,3,2,3,4,3,3,2,2,3,2,2,5,7,5,5,3,2,2,2,4,2,1,4,4,7,6,16,16,16,15,15,15,15,16,16,15,17,17,16,15,15,5,2,2,4,5,4,1,2,1,4,5,5,4,4,3,4,2,1,4,2,4,4,59,5,2,7,1,3,7,6,7,1,7,7,1,7,5,1,4,4,4,4,3,50,50,35,2,1,NaN,NaN,NaN,NaN,NaN,1,NaN,7,80,62,33,29,10,9,11,10,13,18,18,36,2,1,4,2,4,4,60,5,3,7,1,3,1,1,NaN,NaN,6,4,7,7,3,3,4,4,1,7,6,1,1,6,6,2,3,6,7,7,7,1,4,4,4,4,100,1,5,2,7,1,6,3,4,5,5,5,2,6,2,6,4,2,1,6,6,2,3,6,6,2,5,5,1,6,5,2,80,19,4,3,1,3,4,NaN,NaN,5.6,6.2,3.6,5.8,2.6,5.6,2.2,5,1.8,2.2,4.8,2,6.2,5.6,2,1.4,1.2,1.2,1.2,86.4,27,1.8,1.2,3.8,1.8,5.6,2.2,2,3.6,412.8,237.2,4.2,2.8,2.2,2.2,1.8,-20.05251609,-5.088704638,-0.217979416,-27.03999658
322,122,8,22,1,1,3,3,4,3,3,1,4,4,3,3,3,NaN,NaN,3,2,2,1,3,4,3,3,4,3,4,2,3,4,4,2,2,2,4,4,2,2,4,2,3,3,4,2,3,2,3,3,2,3,6,7,5,5,4,2,3,3,3,3,4,4,3,3,4,14,14,15,16,15,16,15,16,15,13,16,17,16,14,16,4,2,2,4,4,4,2,1,2,4,4,4,3,4,3,4,2,2,3,3,3,2,54,3,3,6,1,7,6,3,7,4,5,4,4,4,4,4,5,4,4,4,5,28,51,30,2,1,NaN,NaN,NaN,NaN,NaN,1,NaN,2,83,56,28,28,7,9,10,12,14,22,20,42,2,2,3,3,4,3,45,3,3,6,1,4,2,3,5,6,6,4,6,6,5,6,3,4,3,4,4,5,4,7,7,3,5,6,6,6,6,4,4,5,4,6,100,2,6,3,7,2,4,4,3,4,6,5,5,6,4,4,3,4,5,6,6,4,6,5,4,3,4,4,5,4,5,6,40,56,6,3,2,3,2,NaN,NaN,4,3.8,2.4,5.6,2.4,6.4,2,5.2,2,3.8,3.4,4.8,5.2,6.4,1.2,4.4,2.2,2.4,1.6,43,55,1.2,1,4,1.2,2.4,3.2,2.4,4.4,137.2,130,4.2,2,5.4,3.2,3.8,6.604511328,27.86707534,33.45818517,3.520475625
323,123,9,23,1,1,1,2,7,3,7,7,7,4,7,1,7,NaN,NaN,3,3,3,3,3,3,3,3,3,3,3,3,4,4,4,1,1,1,4,4,4,4,1,4,1,4,1,4,2,5,1,4,4,1,4,6,6,6,2,2,2,2,2,2,2,4,4,6,6,14,14,16,15,15,15,16,17,16,14,17,17,17,14,17,5,1,1,5,5,5,2,3,1,4,5,5,5,5,3,3,2,4,2,2,3,2,50,4,4,4,1,7,4,1,7,4,4,2,6,2,6,6,6,4,4,4,4,50,50,33,2,1,NaN,NaN,1,NaN,NaN,NaN,NaN,7,75,66,33,33,6,9,13,14,14,9,9,18,2,3,3,3,3,3,50,4,4,4,3,3,1,3,7,5,6,6,6,6,6,6,2,6,1,7,7,7,7,7,7,7,7,7,7,7,7,7,4,4,4,4,100,7,5,5,5,3,6,4,6,6,7,7,2,7,1,7,7,4,4,7,7,2,7,7,7,7,7,1,4,4,4,4,98,11,6,3,3,2,2,NaN,NaN,5.4,5.8,5.2,5.4,2.4,4.8,2,5.4,2.4,2.4,4.4,2.2,6.4,6,2.2,1.4,1.2,1.2,1.2,87,11.2,2.2,1.8,4,2.6,5.2,2,2,2.6,344,287.2,3.2,4.8,2.8,2.2,2,-13.61178742,-0.70271917,8.341706052,-24.66376047
324,124,10,24,1,0,1,2,4,5,4,5,5,5,3,3,3,NaN,NaN,4,3,5,2,3,4,4,4,4,3,2,4,4,3,4,4,4,3,3,4,2,2,3,4,4,3,4,2,4,3,4,3,3,3,5,6,6,4,5,4,3,3,5,4,4,5,3,4,5,16,16,15,16,14,17,16,16,16,16,16,16,15,16,15,4,4,3,3,5,4,2,4,2,4,4,4,4,2,NaN,NaN,NaN,2,4,3,3,3,60,3,1,6,1,5,5,4,7,2,7,6,3,6,NaN,NaN,NaN,NaN,NaN,NaN,NaN,NaN,NaN,35,2,1,NaN,NaN,NaN,NaN,NaN,1,NaN,7,69,49,28,21,11,7,12,8,10,20,20,40,2,3,3,4,2,3,71,3,3,7,1,5,1,1,NaN,NaN,6,2,6,5,6,6,3,6,1,6,7,3,6,6,6,2,6,6,6,6,6,3,3,6,5,6,100,1,6,3,7,1,6,5,2,4,7,7,5,6,5,3,4,2,4,6,6,3,6,6,3,1,4,3,6,3,5,6,21,76,2,3,1,2,4,NaN,NaN,3.2,2.8,1.8,5.2,3.4,6.2,4,5,1.8,5,3.8,4,5.6,5.8,1.4,5,2.8,4.4,2.4,36.8,68.2,1.4,1.4,4.4,1.6,5.6,3.8,2.4,4.4,209,123.2,6.2,1.8,6,2.6,3.8,6.801826258,37.72161067,43.35553858,12.19403893
325,125,11,25,1,1,5,5,7,7,7,5,7,1,7,1,7,NaN,NaN,4,2,2,4,5,1,1,1,1,1,5,4,4,5,5,1,1,1,5,5,1,1,1,5,1,5,1,5,1,5,1,5,5,1,7,1,3,3,6,7,6,6,6,6,7,6,6,2,1,14,13,16,17,17,13,17,17,17,13,16,17,17,13,17,4,1,1,5,5,5,2,3,1,5,5,3,4,4,4,2,1,1,2,3,3,2,31,5,4,7,1,3,5,5,5,6,1,1,6,1,5,5,5,5,5,5,5,40,62,40,2,1,NaN,NaN,NaN,NaN,NaN,1,NaN,6,62,74,31,31,5,15,15,15,14,6,6,12,2,3,3,3,3,1,42,5,6,3,3,3,3,4,6,3,6,2,7,7,7,7,1,7,1,7,7,2,2,6,7,1,7,7,7,7,7,2,5,6,5,6,90,41,7,7,7,1,6,5,3,7,7,7,1,6,1,7,7,2,2,7,7,1,7,7,7,6,6,3,3,6,2,6,92,41,3,3,2,5,1,NaN,NaN,5.2,4.2,3.4,6,2.4,6.4,2,5.4,2,3.4,5,3.8,5,6.2,1.4,5.2,2.6,3.8,2,71.8,46.4,1.6,1.2,3.6,2.2,2.8,2.4,2.2,4.2,205,137.8,6,2.2,6.2,2.6,3.4,1.709234671,45.34210918,50.5033837,28.6659774
326,126,12,26,1,1,1,1,4,6,5,6,6,5,4,1,6,NaN,NaN,3,2,3,2,2,5,5,5,5,5,4,3,4,3,5,4,4,4,4,4,4,4,2,3,3,3,3,3,4,4,3,3,2,2,5,4,6,5,5,4,5,5,5,5,4,4,4,6,5,15,15,16,13,14,16,15,16,17,16,17,16,16,15,16,2,1,4,3,4,4,5,2,2,2,4,2,2,3,NaN,NaN,NaN,2,3,2,4,3,55,5,3,5,2,5,7,4,7,4,4,2,5,5,NaN,NaN,NaN,NaN,NaN,NaN,NaN,NaN,NaN,30,1,1,NaN,NaN,NaN,NaN,NaN,1,NaN,6,80,42,17,25,8,5,12,11,11,17,18,35,2,2,3,3,4,2,65,3,3,7,2,5,2,3,5,6,6,4,5,6,5,5,3,1,1,7,7,1,4,6,6,1,7,7,7,7,7,2,5,6,5,6,100,0,5,2,6,2,6,2,5,6,6,5,3,5,1,6,6,3,5,6,6,2,7,7,6,5,7,2,5,6,5,6,100,5,4,3,3,4,4,NaN,NaN,5.2,6,5,5.2,2.2,5.2,2,5.8,2,2,4.6,3.2,6.2,6.2,2,1,1,1,1,71.4,6.2,2.6,1.2,4.2,2.6,4.4,2,1.2,2.4,353.2,275,3.2,5.4,1.6,2,1.4,-16.90914077,-4.658484826,1.843280949,-21.70153748
327,127,13,27,1,1,3,6,6,1,4,1,7,1,5,6,5,NaN,NaN,4,4,4,2,4,4,4,4,4,4,4,4,4,4,2,2,2,2,5,5,2,1,1,4,2,3,3,4,3,4,2,4,4,2,5,1,7,6,3,1,1,1,1,6,1,1,1,5,1,13,13,13,13,13,14,13,14,13,14,13,14,13,14,13,1,2,3,2,1,1,2,3,2,1,3,2,3,2,3,2,3,1,3,3,2,3,45,5,1,7,1,7,1,1,7,1,2,3,NaN,1,2,3,4,1,2,3,3,42,62,23,1,1,NaN,NaN,NaN,NaN,NaN,1,NaN,4,79,34,16,18,7,6,4,6,7,13,13,26,2,1,3,3,3,2,61,3,3,2,1,7,3,2,4,5,1,6,2,3,2,2,3,4,2,1,2,3,4,3,1,2,3,4,1,2,3,4,6,1,2,5,46,49,5,1,7,6,1,2,3,4,5,4,5,4,3,5,4,3,4,3,5,4,3,4,5,4,3,4,2,3,4,3,40,41,7,3,2,1,1,NaN,NaN,5.4,5.8,5.4,4.2,2.8,4.6,2,5.2,2,2.6,4.6,1.6,5.8,4.6,3.4,1.2,1.2,1.2,1.2,77,12.2,2,1.6,3.8,2.4,4.4,1.6,2,2.4,372.8,314.8,3.8,6,2.2,2,1.4,-24.70496828,6.833373391,10.56591403,-34.75482878
328,128,14,28,1,1,2,7,7,1,7,1,7,5,7,7,7,NaN,NaN,4,2,4,3,4,5,5,5,5,5,5,4,5,5,4,1,1,1,5,5,1,1,1,5,1,5,1,5,1,5,1,4,3,1,5,1,7,1,7,1,6,2,7,7,7,4,7,1,1,16,16,14,16,15,16,14,16,13,16,14,17,17,16,17,4,1,2,5,3,1,4,1,2,5,5,2,4,4,2,3,1,2,4,4,3,3,80,6,3,5,1,4,7,5,7,7,1,1,7,2,4,3,4,7,1,2,7,100,82,28,2,1,NaN,NaN,NaN,NaN,NaN,1,NaN,1,94,53,24,29,12,9,7,12,9,6,9,15,2,1,4,4,4,4,83,1,3,6,1,6,1,2,4,7,4,7,5,6,6,5,1,4,1,7,7,1,6,7,7,1,7,7,7,7,7,5,1,7,1,7,100,0,6,1,7,1,5,4,5,7,7,7,1,7,1,7,7,1,7,7,7,5,7,7,3,1,7,7,7,1,1,7,100,99,5,3,1,1,1,NaN,NaN,4.8,3.6,2.6,6.4,2,6,2,5.8,1.8,3,4.6,4.8,4.8,6,1.2,3.6,3.2,2.4,3.2,64.8,58,1.8,1.4,4,2,3,3,1.4,4.6,176.4,100.2,4.6,2.8,5.8,2.4,3.8,-8.07564256,8.171546354,17.64446181,-9.331679943
329,129,15,29,1,1,5,5,3,6,3,4,3,1,5,4,5,NaN,NaN,4,2,2,4,2,5,5,5,4,4,5,2,5,5,5,1,2,3,5,5,2,4,2,4,2,4,2,4,4,3,2,4,2,3,5,3,7,5,4,2,4,5,2,5,3,2,5,5,4,15,16,16,16,16,16,17,17,16,16,14,15,17,14,17,3,1,4,5,2,5,3,2,3,4,5,3,3,5,1,4,3,3,4,2,3,1,36,5,5,5,2,6,7,4,7,5,3,2,6,5,7,7,7,2,6,4,2,62,40,21,2,1,NaN,NaN,NaN,NaN,NaN,1,NaN,4,52,91,20,32,9,10,14,14,7,12,18,30,2,3,3,2,3,1,43,4,3,5,2,6,1,3,5,3,6,3,6,6,5,5,1,4,2,6,6,2,5,7,6,2,6,6,7,7,7,5,4,6,2,7,89,8,3,3,7,3,7,5,5,7,7,7,2,7,2,7,7,2,4,7,7,1,7,7,7,7,7,7,2,7,2,7,50,50,5,3,2,2,2,NaN,NaN,5.8,6.2,6.2,5.8,2.4,5.4,2.4,6,2.4,1.8,6,2.4,6.2,6.2,2.4,1.2,1.2,1.2,1.2,91.6,6.6,3,2.2,3.4,3.4,5,1.6,1.4,2.6,476.8,154,2.8,6,1.4,1.4,1.2,-37.64115534,-12.99743301,-9.236102619,-52.77092705
332,132,16,32,1,1,1,1,3,4,2,5,3,4,4,3,4,NaN,NaN,3,4,4,2,3,4,4,5,3,2,4,4,4,3,4,2,4,4,4,4,2,4,2,4,3,4,3,3,3,4,2,3,2,2,3,5,5,4,3,2,4,3,5,3,2,5,4,5,4,14,14,16,14,15,16,16,16,16,14,15,15,17,13,16,4,2,2,4,4,4,2,2,1,4,4,3,3,4,3,2,3,1,3,2,2,2,46,1,1,7,1,7,1,1,7,6,2,2,6,2,6,6,4,3,6,5,5,75,76,33,1,1,NaN,NaN,1,NaN,NaN,NaN,NaN,7,71,55,28,27,6,7,12,14,10,15,16,31,2,1,3,4,2,3,80,1,1,7,1,5,1,2,5,7,5,2,6,5,5,5,2,5,4,4,5,3,6,6,6,3,6,6,6,7,6,2,5,6,5,5,81,0,3,1,7,2,7,2,6,7,7,7,1,6,1,7,7,4,4,6,6,1,7,6,7,7,7,1,5,7,5,6,100,0,5,3,3,4,1,NaN,NaN,6.4,6.4,6.2,6.4,1.8,5,1.6,6.2,2,1.6,6.8,1.8,6.2,6.2,2.4,1,1,1,1,94.8,5.4,3.8,1.6,4.2,3.6,4.2,1.4,1.4,1.2,479.4,122,2.2,6.6,1.4,1.4,1,-39.3373526,-12.99540758,-11.27897943,-60.53783522
333,133,17,33,1,0,3,7,7,3,5,1,7,1,7,1,6,NaN,NaN,3,3,3,4,3,4,5,4,4,4,5,3,5,5,5,3,3,3,5,5,3,1,4,4,3,4,3,4,3,4,2,4,3,2,2,4,3,4,5,3,5,3,5,5,5,4,4,5,4,16,14,16,16,16,16,16,17,17,14,17,16,16,16,16,4,1,2,4,5,5,2,3,1,4,5,4,4,4,3,4,3,1,4,3,4,3,70,3,3,5,1,5,7,3,7,4,5,1,4,4,5,4,5,6,2,4,4,50,50,39,1,1,NaN,NaN,NaN,NaN,NaN,1,NaN,4,85,60,30,30,8,10,14,10,13,16,14,30,2,6,4,3,4,2,70,5,6,3,3,6,1,4,6,2,7,2,6,7,7,7,1,4,1,7,7,2,2,7,7,1,7,7,7,7,7,2,2,6,2,6,100,1,7,3,7,6,7,3,6,7,7,7,1,7,1,7,7,2,2,7,7,1,7,7,7,7,7,7,2,6,2,6,100,0,4,4,4,1,1,NaN,NaN,6,6.6,6.4,6,1.6,5.4,1.6,6,2.6,1.8,5.4,2,6.4,6,2.6,1.2,1.2,1.2,1.2,94.2,4.4,2,3,2.2,4.6,3.6,1.4,1.4,2.2,460,155.2,3.2,6.6,1.8,1.4,1,-26.32917722,2.898872545,5.146162066,-32.31399373
335,135,18,35,1,1,2,7,2,1,7,1,7,1,7,5,2,NaN,NaN,2,2,2,3,3,4,4,4,4,4,4,3,3,3,3,4,5,5,3,3,4,4,2,4,2,3,2,4,2,4,2,4,4,3,5,5,4,4,3,5,4,5,5,5,4,6,5,4,4,16,14,16,15,15,14,16,16,17,15,15,15,16,14,16,1,2,4,3,2,3,5,3,4,2,4,3,2,2,3,3,2,1,2,2,3,1,52,6,2,6,1,7,6,1,7,2,3,4,4,3,4,1,5,4,1,4,6,9,96,37,2,1,NaN,NaN,NaN,NaN,NaN,1,NaN,4,68,34,13,21,8,10,13,12,9,13,13,26,2,1,4,2,4,2,68,3,2,7,1,7,4,1,7,6,7,3,6,7,6,6,3,4,2,5,5,2,2,6,6,2,6,6,7,7,7,1,1,7,4,6,92,9,6,2,6,1,6,6,6,6,7,6,5,6,5,3,5,5,4,3,6,3,6,6,5,2,6,3,5,3,4,6,24,80,2,1,2,4,5,NaN,NaN,3.2,2.8,1.6,4.4,4.8,5.2,4,3.6,3.6,4.2,3,2.6,4.4,5.8,1.6,2.8,2.8,2.4,2.8,37.6,68.6,1,1,4,1,1.4,3.8,3,4.8,72.8,157.4,6.4,1.4,6,3.4,3.8,5.723990036,26.28408745,34.60256002,20.03556821
336,136,19,36,1,0,5,7,5,1,3,1,7,1,7,7,7,NaN,NaN,4,4,4,5,5,3,4,2,4,3,4,4,2,4,4,4,4,3,4,4,2,2,2,4,2,4,2,4,2,2,2,4,2,3,5,5,3,5,5,5,4,3,6,4,3,5,1,5,5,13,14,16,14,13,16,14,14,13,16,15,16,16,16,16,2,4,5,2,4,2,4,5,4,3,2,3,2,1,1,2,4,1,3,2,4,4,60,3,2,7,1,5,7,3,7,7,2,1,7,1,2,2,5,5,1,3,6,60,20,26,1,1,NaN,1,NaN,NaN,NaN,NaN,NaN,1,29,63,17,12,5,5,5,10,9,12,17,29,2,3,2,2,2,3,45,1,3,6,1,6,2,2,5,6,6,5,6,6,6,5,2,4,2,6,7,4,4,7,7,1,7,7,6,6,7,3,5,5,3,6,90,10,7,1,7,1,4,6,1,5,6,5,2,6,2,6,6,4,4,6,6,2,6,6,3,3,5,6,6,3,3,6,55,45,7,4,1,4,4,NaN,NaN,4.2,4.4,2.4,5.6,2.6,5.4,2.6,4,2.4,2.4,3.6,2.8,6,6.4,2,1.4,1.4,1.6,1.4,53,28.6,1.6,1,4,1.6,3.2,2.6,2.2,3.6,192.4,233.6,5.4,2.6,4.4,3,3,-1.3916394,14.79468074,22.84770872,-1.466072623
337,137,20,37,1,0,3,6,5,1,2,1,4,1,5,7,6,NaN,NaN,3,2,2,3,4,4,5,5,4,5,5,2,4,2,4,4,4,5,4,3,4,4,2,2,4,3,4,2,4,1,3,3,2,5,4,7,6,6,2,2,2,2,1,3,2,3,2,6,7,16,16,15,14,13,16,17,17,17,14,16,16,16,15,15,3,1,3,4,4,4,2,3,2,5,4,5,5,4,2,3,4,1,3,2,4,3,90,2,6,2,1,4,6,5,7,2,6,4,2,6,3,1,4,7,1,4,6,25,75,22,2,1,NaN,NaN,NaN,NaN,NaN,1,NaN,2,74,57,28,29,11,5,15,10,12,21,24,45,2,6,3,2,3,2,50,3,3,5,6,6,2,2,5,5,6,5,4,6,6,6,2,5,2,5,6,2,2,5,5,3,5,6,6,6,7,5,3,6,3,6,80,2,5,2,7,2,5,6,2,6,6,6,3,6,5,3,5,2,2,6,6,5,5,5,6,3,6,4,5,5,5,6,50,50,5,3,1,4,4,NaN,NaN,4,5,3.2,5.6,3,6,3.4,3.8,3.4,3.2,3,2.4,6.2,5.6,1.8,2,1.4,1.8,1.4,44,53.8,1.8,1.6,3.8,1.8,3,2.4,2.4,4,254.6,179.8,5.2,1.8,4.8,2.8,3.6,3.42430967,14.95446994,22.81415847,12.98688814
338,138,21,38,1,1,3,1,5,1,4,1,5,1,2,3,5,NaN,NaN,3,3,4,3,2,4,4,4,4,3,4,3,4,4,4,2,2,2,4,4,2,2,2,4,2,4,2,3,2,4,2,4,4,2,3,3,6,4,3,2,2,2,2,5,3,2,2,4,3,15,14,16,17,17,16,16,17,17,14,16,17,17,13,17,5,2,3,3,2,4,2,3,1,4,4,4,3,3,2,3,3,1,4,2,3,3,80,2,2,7,1,1,7,7,7,2,6,7,4,5,5,2,7,6,5,6,6,70,30,34,2,1,NaN,NaN,NaN,NaN,NaN,1,NaN,4,81,51,27,24,7,12,14,15,13,13,12,25,2,1,4,3,4,2,70,5,7,4,1,1,4,3,7,3,7,4,5,6,7,7,2,4,7,7,7,1,1,7,7,1,7,7,7,7,7,1,5,6,5,6,100,0,7,7,7,1,6,2,4,6,6,7,3,6,2,6,5,2,2,7,7,1,7,7,6,6,6,4,2,6,5,6,100,0,6,4,3,4,3,NaN,NaN,6,5.6,5,5.6,3.6,5.8,3.4,4.8,3.6,2,5.6,2.2,6.2,5.2,2.8,1.2,1,1,1,89.2,14.4,1.8,1.8,3.2,2.4,4.2,1.6,3,2.6,429.6,222.2,2.6,4,2.8,2.6,1.8,-24.25790573,-7.280218155,2.673548547,-35.75842077
340,140,22,40,1,0,1,2,6,6,5,7,7,3,6,1,7,NaN,NaN,3,2,2,1,5,5,5,5,5,5,5,5,4,4,4,1,2,2,4,3,1,1,1,5,1,5,2,4,2,5,1,4,4,2,5,3,2,2,6,5,6,6,6,5,3,2,4,3,5,16,14,16,16,16,14,17,17,16,17,14,14,16,15,16,4,2,2,3,2,2,2,2,2,2,3,1,2,2,3,4,3,1,2,3,2,3,55,3,1,7,1,4,6,5,7,3,2,1,5,2,2,1,5,5,2,2,6,30,70,25,1,1,NaN,NaN,NaN,NaN,NaN,1,NaN,7,90,41,21,20,8,12,14,11,5,8,10,18,2,2,2,3,4,1,70,5,7,5,1,6,1,4,4,3,6,3,7,6,6,6,1,7,1,7,6,5,3,6,7,2,7,7,7,7,7,7,1,7,1,7,100,0,7,5,7,6,5,7,2,6,7,7,3,6,2,6,6,3,5,6,7,1,7,7,6,3,6,7,6,2,2,6,25,75,2,4,1,3,4,NaN,NaN,4.4,5,3,6,3,6,4.2,4.6,2,4.8,4.2,2.4,4.8,6,2,3.6,2.8,3.8,2.6,42.8,72.2,1.4,1.6,3.8,1.6,5.8,2.8,2.6,4.2,239.4,162.6,4.6,2.6,6.4,2.6,4.2,15.32847176,52.02201535,58.7193553,-31.46600828
341,141,23,41,1,1,2,1,7,1,7,2,7,1,7,7,7,NaN,NaN,3,4,3,2,3,4,4,4,4,4,4,2,4,5,4,1,1,1,4,5,1,1,1,4,1,4,1,5,1,5,1,4,4,1,2,3,2,1,5,2,2,2,5,6,5,5,6,2,2,13,13,17,16,16,15,16,16,16,14,16,16,16,13,17,4,2,4,4,5,2,2,2,2,4,5,4,4,4,3,4,2,2,2,3,2,1,70,4,4,4,1,7,6,3,7,5,3,2,5,2,4,3,5,4,4,4,4,63,25,31,1,1,NaN,NaN,NaN,NaN,NaN,1,NaN,4,90,54,27,27,3,11,12,14,12,8,8,16,2,3,2,3,2,1,70,2,3,4,3,5,1,3,5,6,5,5,6,6,5,3,4,5,1,6,6,2,7,6,7,1,7,7,6,6,6,2,1,6,1,6,100,0,7,1,7,2,6,7,4,5,6,6,3,7,1,7,7,6,4,1,7,2,5,7,6,2,4,6,1,5,1,5,100,0,7,4,1,2,1,NaN,NaN,5,5.4,4,5.4,3.8,4.6,3.4,4.6,2.6,2.8,4.2,2.6,5.6,4.2,4.2,1.6,1.4,1.8,1.2,71.2,23.8,2.8,1.8,4,3,3.6,1.6,3,2,297.8,269.6,5,4.6,3.8,2.8,1.8,-11.54813568,-0.373864136,13.71417906,-6.939824719
342,142,24,42A,0,0,3,4,2,2,2,2,4,2,2,4,2,NaN,NaN,4,5,3,3,3,4,5,5,5,5,4,3,4,5,4,2,2,2,5,4,1,1,1,4,2,4,2,4,2,5,2,4,4,1,3,3,3,2,5,5,4,3,6,6,5,4,4,3,4,13,13,16,16,16,14,17,17,17,16,16,16,16,15,16,4,4,4,4,4,4,4,2,4,4,4,3,3,3,2,3,3,1,4,2,1,2,58,5,1,6,1,7,7,1,7,5,4,1,7,5,2,1,5,7,1,1,5,40,60,27,1,1,NaN,NaN,NaN,NaN,NaN,1,NaN,3,87,45,21,24,4,12,15,11,10,11,10,21,1,4,2,2,2,2,33,3,1,5,1,5,1,2,4,3,6,3,6,5,7,6,1,4,1,7,7,3,5,6,6,1,7,7,6,6,6,3,2,5,1,7,100,0,6,2,7,2,6,2,6,6,7,7,1,7,1,7,7,4,4,7,7,1,7,7,6,5,7,6,2,6,2,5,99,1,5,3,2,NaN,NaN,1,1,5.8,5.8,4.8,6,2,6.2,2,5.2,2.6,2.6,5.6,3.4,5.6,5.8,2.2,1.4,1.4,2,1.4,77.8,25.8,1.8,2,3,2.8,3,1.8,2.6,3.2,373.8,177.2,4.2,5,3.8,2.4,2.2,-17.59767186,-7.485499873,4.896873211,-29.56087533
343,143,25,43,0,1,5,6,7,3,4,1,7,1,6,3,5,NaN,NaN,3,3,4,2,4,4,4,4,4,4,4,4,5,4,4,1,2,2,5,4,1,1,2,4,1,4,2,4,1,4,3,3,4,2,3,3,2,2,6,5,5,4,5,5,5,6,4,2,2,15,15,16,17,16,14,15,16,16,14,16,17,16,15,16,4,2,3,4,4,4,3,3,2,4,4,3,3,4,2,3,4,2,1,2,2,3,31,5,3,6,2,6,7,2,7,4,3,2,5,5,3,3,5,7,3,5,5,10,90,39,1,1,NaN,NaN,NaN,NaN,NaN,1,NaN,5,51,85,25,26,8,13,11,11,13,11,13,24,1,2,3,2,3,3,50,5,3,6,2,6,2,1,6,4,6,4,7,7,4,3,1,4,1,6,4,1,4,5,6,1,6,6,7,7,7,7,1,7,2,7,100,1,6,3,6,2,6,6,3,6,7,7,1,7,1,6,7,4,4,7,7,4,7,7,2,3,4,4,7,3,3,7,60,40,7,4,2,NaN,NaN,3,2,5.4,5.8,3.6,6.2,3,6.4,2.4,5.6,1.8,3.8,4.6,1.8,6,5.6,1.6,2.8,1.8,1.8,1.8,81.4,39.2,1.6,1.2,3.8,2,3,2.6,3,3.4,231.8,146.4,4.4,2.6,4.4,2.6,3.2,-17.71553156,-10.62883049,9.569388,-14.05613779
344,144,26,44,0,1,5,7,1,3,1,1,2,1,4,1,7,NaN,NaN,4,2,2,4,1,5,5,5,5,4,5,4,1,4,4,4,5,5,4,4,5,5,1,4,1,5,4,4,4,5,2,4,2,1,1,5,2,1,7,5,3,6,5,1,1,2,1,1,7,17,16,16,17,14,16,17,17,17,17,16,14,13,17,16,2,4,5,2,2,5,4,5,4,2,4,2,1,2,2,4,4,1,2,3,2,3,30,6,3,5,1,1,6,6,6,5,3,2,6,2,5,5,6,6,6,2,5,60,16,20,1,1,NaN,NaN,NaN,NaN,NaN,1,NaN,3,30,71,13,17,11,9,15,6,7,11,14,25,1,5,2,3,2,2,60,5,3,5,5,5,1,4,4,2,6,7,7,7,5,5,6,1,1,7,7,1,1,7,7,1,7,7,7,3,7,5,4,7,5,7,100,0,7,2,7,5,7,7,1,6,6,6,1,7,1,7,7,1,1,7,7,1,7,7,7,6,7,7,6,7,5,6,90,10,7,4,2,NaN,NaN,4,1,6,6.6,6.8,6.6,1.6,5.2,1.6,6.4,2,1.4,6.4,2.6,6.4,6.4,2.6,1,1,1,1,98,2,3,3,1.6,5.2,4.8,1.4,1,2.2,488.4,172.4,3,6,1.6,1.2,1.4,-34.47490172,-11.17400257,-6.503172969,-50.30327369
347,147,27,47,0,1,3,7,7,3,7,1,7,7,7,7,7,NaN,NaN,3,3,1,2,2,5,5,5,5,4,4,1,4,5,4,1,2,1,5,5,1,1,1,5,1,4,1,5,3,4,2,4,4,2,4,4,1,1,7,3,5,4,5,3,1,7,5,3,5,16,15,17,15,15,15,16,15,16,13,15,15,15,15,15,4,1,2,5,3,4,3,1,2,3,4,5,4,3,3,4,2,1,4,2,4,3,51,3,4,5,1,5,7,3,7,7,1,3,7,3,6,6,6,6,2,4,7,50,50,24,1,1,NaN,NaN,NaN,1,NaN,NaN,NaN,4,99,56,26,30,8,9,11,9,11,7,13,20,1,3,3,3,4,1,75,3,4,4,1,6,3,3,5,5,5,6,4,5,7,7,4,4,1,7,7,4,4,7,7,1,6,6,7,7,7,4,3,6,4,6,95,5,2,1,6,3,5,7,1,5,7,6,2,7,1,7,7,5,3,5,7,1,7,7,6,5,7,7,7,3,3,6,70,30,7,4,2,NaN,NaN,3,3,6.2,6.8,6.4,6.4,1.4,5.8,1.4,6.6,1.6,1.4,6,2.2,6.6,6,2,1.2,1.2,1.2,1.2,97.8,3.8,3,2.4,3.2,4.6,5.4,1.2,1.4,2.4,482,137.6,2.8,6.6,1.8,1.4,1.2,-48.74811754,-19.25526786,-16.94579648,-55.13616213
348,148,28,48A,0,0,2,6,5,2,6,1,7,1,5,5,4,NaN,NaN,3,1,2,2,2,5,4,5,4,4,4,2,5,5,5,1,1,1,4,4,2,2,1,5,1,5,1,5,1,5,1,5,5,1,5,6,5,6,3,2,2,2,5,3,2,2,5,6,4,13,13,17,17,17,14,16,16,17,16,16,16,17,13,16,4,1,4,5,4,4,2,2,4,4,5,3,4,5,3,3,3,2,1,1,1,1,43,3,4,4,1,7,6,3,7,2,4,5,6,5,6,6,6,4,4,4,4,75,25,29,1,1,NaN,NaN,NaN,NaN,NaN,1,NaN,4,96,55,23,32,3,14,13,14,10,6,6,12,1,2,1,2,2,1,54,3,4,4,1,7,1,1,NaN,NaN,4,5,3,2,5,5,4,4,1,5,4,3,3,6,6,1,7,7,7,5,7,1,1,7,1,7,100,0,6,3,7,3,4,6,3,3,5,5,4,6,1,5,3,3,3,5,6,3,6,6,6,4,6,6,6,5,1,7,91,9,6,3,2,NaN,NaN,2,2,6.4,6.6,6.4,6.8,1.8,6.4,2,6.2,2.4,1.2,6.6,3,6.6,6,2.8,1,1,1.2,1,96.4,3.2,3.4,2.6,3.6,4.6,4.8,1,1.6,2.2,460,168.6,3.8,5.4,1.8,1.8,1.4,-39.1081669,-10.42081345,-7.002609712,-54.85699531
349,149,29,49,0,1,3,5,1,1,2,1,7,1,2,6,4,NaN,NaN,3,2,3,2,2,4,4,4,3,3,2,3,4,5,4,3,3,4,3,4,3,3,1,5,1,4,2,3,3,3,3,3,3,2,4,6,4,6,4,1,4,6,5,6,5,4,5,7,5,17,15,15,17,16,15,17,15,17,13,15,17,17,15,17,3,3,3,3,5,3,4,4,4,4,3,3,3,3,3,3,3,1,2,3,1,3,70,1,1,7,1,1,4,1,7,4,5,3,4,4,5,4,6,4,5,3,7,50,86,36,2,1,NaN,NaN,NaN,NaN,NaN,1,NaN,2,75,42,22,20,11,12,13,13,13,10,17,27,1,3,3,3,2,2,48,5,4,4,1,7,3,1,7,3,7,2,6,7,7,7,1,7,1,7,7,1,4,7,7,1,7,4,7,7,7,4,7,7,6,4,100,0,3,1,7,4,7,4,7,7,7,7,1,7,2,7,7,1,1,7,7,1,7,7,7,7,7,4,7,7,4,7,100,0,4,3,2,NaN,NaN,3,3,6.2,6.4,6.4,5.8,1.6,5.2,1.6,6.2,1.6,1.2,6,2.2,6.2,6,1.6,1,1.2,1,1,96.4,2,2.2,2.2,2.8,3.8,4,1.4,1.4,2,435.2,207.4,3.2,6.2,1.6,1.4,1.2,-34.82188762,-13.56978868,-8.595052858,-49.43044255
350,150,30,50,0,1,1,1,3,5,3,5,2,5,1,2,2,NaN,NaN,3,3,3,3,4,3,4,4,4,4,4,4,5,4,4,3,3,4,4,4,3,3,4,2,4,2,4,2,4,2,4,2,2,4,5,6,6,6,2,2,2,1,5,2,1,2,5,5,6,17,17,15,15,14,16,16,16,16,15,16,15,13,17,14,4,2,2,3,5,4,1,2,2,4,3,4,3,3,3,3,2,2,3,3,3,3,41,4,3,5,1,5,5,3,7,3,6,6,3,5,5,3,5,6,5,4,5,30,66,31,2,1,NaN,NaN,NaN,NaN,NaN,1,NaN,6,74,54,30,24,13,7,12,4,10,24,24,48,1,2,2,3,3,3,30,5,3,5,1,6,1,2,4,3,5,3,6,5,3,3,2,3,3,5,4,1,6,5,5,2,6,4,6,6,6,4,4,4,5,3,61,4,5,1,7,3,5,5,4,5,5,5,3,6,3,5,5,2,3,6,5,3,6,5,5,3,5,3,6,2,5,3,55,20,5,3,2,NaN,NaN,2,4,5.4,5.4,4.4,6.2,2.2,5.8,2,5.2,3.2,2.6,5.2,3.4,5.2,6.2,2,1.2,1,1,1,79.8,18.6,2.2,1,4,2,6.4,2.6,1.8,3.4,379.6,159.2,3.6,6,2.8,2,1.8,-33.05537334,-7.069158072,2.738154088,-46.70686322
351,151,31,51A,0,0,5,1,7,7,7,7,7,7,7,4,7,NaN,NaN,3,4,4,3,3,5,5,5,3,4,4,3,3,3,3,3,3,3,4,4,3,3,4,4,3,4,3,4,4,3,3,3,3,3,5,4,5,4,3,2,3,4,4,4,2,4,3,6,5,16,15,16,16,16,15,16,16,16,16,16,16,17,15,16,5,2,3,3,5,5,2,4,2,4,4,4,3,3,4,4,3,3,4,3,4,2,35,5,6,2,1,7,6,3,7,7,1,1,7,1,7,7,7,6,6,6,1,90,10,37,1,1,NaN,NaN,NaN,NaN,NaN,1,NaN,6,53,74,29,24,9,11,12,12,10,16,19,35,1,3,3,3,3,1,42,5,7,4,2,7,1,3,4,2,6,4,5,5,4,5,5,4,3,4,5,4,4,6,6,2,6,6,6,6,6,2,2,6,2,6,100,0,7,2,7,3,7,1,7,7,7,7,1,7,1,7,7,1,1,7,7,1,7,7,7,7,7,5,5,6,5,6,100,0,7,4,3,NaN,NaN,4,4,6.2,6.4,6,6.6,1.4,6.2,1.6,6.4,1.4,1.6,6.2,2.8,6.2,6.4,2.2,1.4,1.2,1.2,1.2,93.8,6,2.4,1.4,3.6,2.8,5.6,1.4,1.8,2.8,480.4,140.2,2,6,1.8,1.6,1.4,-41.16210747,-7.549210122,-7.130038298,-62.17776856
352,152,32,52A,0,0,3,1,7,3,3,1,3,1,4,1,3,NaN,NaN,2,2,4,2,3,4,4,2,4,4,3,4,4,4,4,3,3,3,4,4,3,3,3,3,3,3,3,3,4,2,4,2,2,4,3,5,2,4,2,4,3,3,2,6,4,2,3,5,6,16,16,14,14,14,16,16,16,16,16,17,16,16,15,16,5,3,3,3,4,3,3,4,3,5,3,5,3,3,1,4,4,1,2,3,2,2,50,3,2,2,1,4,7,4,7,4,5,2,5,2,4,2,6,6,4,4,3,50,50,28,2,1,NaN,NaN,NaN,NaN,NaN,1,NaN,4,75,48,28,20,12,6,12,11,11,18,24,42,1,2,4,3,4,2,70,2,3,6,1,3,1,1,NaN,NaN,6,4,4,6,6,6,2,4,2,6,6,2,2,6,6,2,6,6,6,6,6,6,4,6,5,6,100,2,7,6,7,1,6,4,5,6,6,6,2,4,2,6,6,2,2,6,6,2,6,6,6,6,6,5,4,6,5,6,100,1,6,4,3,NaN,NaN,2,1,6.4,6.4,6.2,6.4,1.6,4.4,1.6,6,1.8,1.4,6.2,2.6,6.2,6,2.8,1,1,1,1,94.6,3.6,3.2,1.6,3.8,3.8,4.2,1.4,1.8,2.2,468,174.6,1.8,6.8,1.4,1.6,1,-47.26407774,-12.53266684,-9.646425433,-60.24449501
353,153,33,53,0,1,1,1,7,5,4,5,4,5,4,1,7,NaN,NaN,3,2,2,1,2,4,5,5,2,3,5,3,5,5,4,2,1,1,5,5,5,1,1,5,1,5,2,3,1,5,1,4,3,2,6,6,4,5,3,1,1,2,5,4,5,6,7,4,1,14,14,17,17,17,13,16,16,17,13,17,17,16,15,17,4,1,3,5,5,4,4,2,1,3,4,3,4,3,3,4,3,1,4,4,4,2,40,4,7,2,1,1,7,2,7,1,7,2,1,7,3,2,3,7,2,4,7,39,91,22,1,1,NaN,NaN,NaN,1,NaN,NaN,NaN,7,91,54,25,29,5,15,13,12,15,9,10,19,1,1,4,4,2,1,50,4,2,7,1,1,4,3,7,5,7,5,7,7,7,7,1,7,1,7,7,4,4,5,7,1,7,7,7,7,7,7,7,7,7,7,100,100,6,6,6,1,7,6,7,7,7,6,4,7,1,7,7,4,5,7,7,2,7,7,5,3,7,6,7,3,7,7,100,99,4,4,3,NaN,NaN,5,5,6.2,6.4,4.2,6.4,1.6,5.4,1.6,6.4,1.6,1.8,6,2.8,6.2,6.2,1.8,1,1,1.2,1,91.4,15.8,1.4,1.4,3.8,1.8,6.4,1.8,1.2,3.4,418.4,178.4,3.8,3.2,2.6,1.6,2.4,-25.87537308,-11.53596777,-3.942913018,-36.73874628
354,154,34,54A,0,0,4,5,4,4,3,3,3,1,3,2,3,NaN,NaN,3,3,3,2,2,4,4,4,4,4,4,2,4,5,4,2,2,2,4,4,2,2,2,4,2,4,2,4,3,3,2,4,3,2,4,5,6,5,3,2,2,2,5,3,2,5,5,5,5,16,16,15,14,14,16,15,16,16,14,15,16,16,15,16,3,2,2,4,4,4,2,2,2,4,4,3,4,4,3,4,2,2,4,3,3,2,85,2,2,7,2,5,6,1,7,4,4,4,5,2,4,3,3,6,3,4,5,71,55,33,2,1,NaN,NaN,1,NaN,NaN,NaN,NaN,6,86,54,26,28,11,6,11,11,11,12,15,27,1,2,3,2,3,2,80,2,3,7,1,7,2,1,6,5,5,5,6,6,5,5,3,5,2,6,6,2,2,6,6,1,5,5,6,6,6,2,2,6,2,6,94,4,5,1,7,2,7,2,6,7,7,7,1,6,1,6,7,1,1,6,6,1,6,6,3,3,6,5,2,5,2,6,93,14,6,3,3,NaN,NaN,2,2,6.2,5,4.2,6.6,1.8,6.2,1.6,6.2,1.6,2,5.8,3.6,5.6,6.2,1.2,2,1.8,1.4,1.4,83.6,27.8,1.4,1.6,3.8,1.8,5.4,2.6,1.2,4.2,345.8,147.2,3.6,4.2,3.6,1.6,2.2,-24.56008197,-11.03990184,-1.602253336,-33.55959645
355,155,35,55,1,1,1,2,4,1,4,3,5,4,4,7,6,NaN,NaN,3,3,4,3,4,4,4,5,5,4,4,3,4,3,4,3,3,4,4,4,2,2,4,4,3,3,3,4,3,3,2,4,3,2,5,5,7,7,4,2,1,3,4,4,4,2,4,5,5,16,15,16,16,15,17,16,14,16,15,16,17,17,14,16,5,3,2,4,5,5,2,3,4,3,4,5,5,5,3,3,3,2,1,2,2,2,50,3,2,6,1,3,5,1,7,3,4,4,5,3,5,5,5,4,3,4,6,19,80,38,1,1,NaN,NaN,NaN,NaN,NaN,1,NaN,6,77,57,28,29,9,8,10,13,12,17,15,32,2,2,3,3,3,3,65,2,2,7,2,6,2,3,5,5,7,3,6,7,5,6,4,5,4,5,5,4,2,7,7,4,4,6,7,7,7,2,4,6,4,6,100,0,5,3,7,4,5,4,4,5,5,6,4,6,3,5,5,5,2,7,7,3,4,6,5,5,6,5,5,4,2,6,70,30,4,2,2,2,2,NaN,NaN,4.8,4.8,3.4,5.2,2.8,5.2,2.6,4.2,3,3.2,4.4,1.8,5.8,5.4,2.2,1.2,1.2,1.2,1.2,76.6,26.8,1.8,1,4,1.8,5.6,2.2,3.2,3.2,367.2,237.4,4.6,4.6,3.8,2.8,1.8,-8.531970007,1.905827767,7.590271828,-19.54168619
357,157,36,57A,0,0,1,1,7,5,7,5,7,5,7,1,7,NaN,NaN,3,2,4,2,4,3,3,4,4,3,4,4,4,4,3,4,4,4,4,4,3,2,3,3,4,3,3,2,4,2,3,4,3,4,6,3,5,3,5,5,4,5,7,6,6,5,5,2,4,17,15,15,16,16,16,15,16,15,13,16,15,16,14,16,4,2,2,4,5,4,4,4,1,4,4,2,4,4,2,3,2,2,4,4,1,3,56,2,3,6,1,7,6,2,7,2,6,5,6,5,3,5,2,7,2,4,6,35,78,36,2,1,NaN,NaN,NaN,NaN,NaN,1,NaN,6,70,52,26,26,11,10,10,12,12,20,20,40,1,1,4,4,4,3,65,3,5,7,1,5,1,2,4,5,6,5,7,7,7,7,1,1,1,7,7,1,1,7,7,1,7,7,7,7,7,2,5,6,5,5,100,0,5,3,5,1,7,5,5,7,7,7,1,7,1,7,7,1,1,7,7,1,7,7,5,2,4,5,6,2,5,5,95,5,3,3,2,NaN,NaN,1,4,7,6.6,6,6.6,1.4,6,1.4,6.8,1.4,1.2,7,3.6,6.2,6.4,2,1,1,1,1,97.4,5.6,2,2,4.2,2,5.4,2,1,2.6,426.8,152.4,1.8,6.2,1.8,1,1.4,-46.07476823,-14.40283782,-10.56217422,-67.11614475
358,158,37,58A,0,0,2,2,4,1,6,1,7,2,5,3,4,NaN,NaN,3,4,4,3,4,5,4,4,4,4,4,4,3,2,3,2,1,3,2,2,1,1,5,1,4,1,5,3,3,2,2,4,3,2,4,3,5,5,4,3,3,4,6,4,3,4,4,4,3,17,14,16,14,13,17,15,16,13,15,13,13,17,13,17,1,5,5,1,1,1,5,4,4,1,1,1,1,1,2,3,2,1,2,3,1,3,81,6,4,2,1,7,7,1,7,1,6,6,1,6,2,1,2,7,1,2,7,1,99,31,1,1,NaN,NaN,NaN,NaN,NaN,1,NaN,4,73,16,8,8,9,4,8,15,5,27,16,43,1,2,2,3,2,2,68,2,4,4,1,6,1,1,NaN,NaN,4,5,3,5,6,6,2,2,3,3,5,2,2,6,6,5,5,6,4,4,4,7,6,5,5,5,75,18,7,2,7,2,6,6,5,7,7,7,1,7,1,7,7,2,2,7,7,2,7,7,5,5,6,4,6,4,5,6,100,10,6,3,2,NaN,NaN,3,2,5.8,6.6,5.8,5.8,2,5.4,2.4,4.2,4,1.6,5.8,2.4,6.4,6.2,2.4,1,1,1.2,1,94.2,3.4,2.6,2.2,2.8,3.8,4.4,1.4,1.2,2.8,474.8,113.8,3,6.4,1.8,1.2,1.4,-32.99953437,-4.507516814,2.959099224,-59.41520569
360,160,38,60A,0,0,5,1,5,2,2,1,2,1,3,3,4,NaN,NaN,4,4,3,3,2,4,4,5,5,4,4,3,4,5,4,1,2,1,5,5,3,3,4,2,4,2,5,2,4,3,5,2,1,2,6,5,5,5,4,4,5,5,4,4,1,1,1,5,5,16,14,16,14,14,16,16,15,16,15,14,16,17,16,16,3,4,4,3,4,3,3,4,2,3,4,2,2,3,3,4,1,2,3,2,3,2,44,4,3,4,2,6,7,1,7,5,3,6,3,3,5,4,5,5,3,4,5,71,59,23,2,1,NaN,NaN,1,NaN,NaN,1,NaN,3,40,86,21,19,8,6,11,11,9,25,23,48,1,2,3,3,3,1,59,2,7,7,2,6,1,2,5,4,6,4,5,5,6,6,3,5,3,4,5,2,5,5,5,3,5,5,5,5,5,5,3,5,4,4,67,11,7,2,7,2,6,5,3,5,5,6,3,6,2,5,6,4,5,6,6,2,5,6,5,4,7,5,5,3,4,5,66,30,7,4,2,NaN,NaN,3,4,5.4,5.8,5,6.2,2.4,5.2,1.8,5.8,1.6,2,5.6,2.8,6.6,5.4,2.6,1.4,1.8,1.8,1.4,88.6,15.6,1.8,2.4,2.8,2.4,3.4,1.6,2.4,2.8,446.6,185,5,4.6,2.8,2.4,1.8,-21.3946794,-4.086270456,7.198125051,-37.14342974
361,161,39,61,0,1,4,7,5,6,6,7,5,6,6,1,5,NaN,NaN,3,3,3,2,4,4,4,4,4,4,4,3,5,4,4,2,2,2,4,5,2,2,3,4,4,4,3,3,4,3,4,3,3,3,7,7,7,7,1,1,1,5,4,2,4,6,4,6,7,15,14,17,15,15,16,15,15,17,16,16,15,17,16,17,5,4,5,5,4,5,3,4,2,5,5,5,5,4,4,2,3,1,4,2,4,3,30,5,1,7,1,5,7,5,7,4,1,2,6,2,6,6,6,6,6,4,6,50,21,30,2,1,NaN,NaN,1,NaN,NaN,NaN,NaN,NaN,84,55,27,28,6,8,11,12,9,17,20,37,1,1,3,3,3,3,70,1,4,7,1,4,3,3,7,5,6,6,4,6,7,6,4,6,4,5,6,2,2,6,6,1,6,7,6,6,6,6,2,6,2,6,100,0,4,1,7,4,6,6,6,6,6,6,2,6,2,6,6,2,2,6,6,2,7,7,6,6,6,6,2,6,2,2,91,0,5,3,3,NaN,NaN,5,2,4.8,5,5.2,4.4,3.4,4.8,2.8,4.4,3,2.2,4.4,1.6,5.4,5.6,2.8,1.2,1.2,1.2,1.2,75.8,10.6,2.8,1.8,3.4,3.2,5.2,1.8,1.4,2.8,403.6,354.6,5.2,5.2,3,2,1.6,-12.52804506,-2.387785301,2.015274027,-20.92953902
362,162,40,62A,0,0,2,6,4,1,4,5,2,1,6,1,2,NaN,NaN,4,3,4,3,3,2,4,3,3,3,4,2,5,4,4,2,2,2,4,4,2,2,1,5,2,4,2,5,2,4,2,4,4,2,3,4,6,4,4,2,4,4,3,5,4,2,4,4,4,14,14,17,15,16,14,17,16,17,14,16,16,17,14,16,4,1,2,4,3,4,3,3,3,3,4,3,4,4,4,4,1,1,2,3,2,3,61,2,4,4,1,7,7,5,7,4,2,3,4,2,3,2,4,4,3,5,3,73,16,29,1,1,NaN,NaN,NaN,NaN,NaN,1,NaN,7,77,51,23,28,5,11,14,13,12,9,12,21,1,3,2,3,2,2,56,4,3,3,2,6,2,2,5,4,6,2,6,7,6,6,3,4,2,6,6,3,4,6,6,2,6,6,6,6,6,3,3,5,3,5,100,0,5,3,6,3,6,3,6,6,6,6,3,5,3,6,6,4,4,6,6,3,5,5,6,5,6,4,4,5,3,5,93,7,4,3,2,NaN,NaN,2,4,5.8,5.6,5.2,5.8,2,4.8,2,5.6,2.8,1.6,5.8,2.4,6.2,5,3.4,1,1,1,1,88.6,11.2,2.2,1.4,3.6,2.6,3.8,2,2.6,2.6,398.6,301.6,3.2,5.6,2,2.2,1.8,-36.74051063,-11.02585229,-9.439637675,-49.50113714
363,163,41,63,1,1,3,5,4,2,5,1,7,5,4,1,3,NaN,NaN,4,3,4,4,4,4,4,3,4,4,4,4,5,4,4,3,4,4,4,4,2,2,4,3,3,2,3,2,3,2,2,3,3,2,5,3,2,3,6,5,5,5,5,5,4,5,4,4,3,16,14,16,16,16,15,15,14,15,16,14,15,16,15,16,2,3,3,3,4,4,4,4,2,2,2,3,2,2,3,3,2,1,4,3,4,3,50,3,2,7,1,7,7,1,7,3,4,3,5,5,3,3,3,6,2,3,6,27,67,26,1,1,NaN,NaN,NaN,NaN,NaN,1,NaN,4,72,38,20,18,8,11,8,11,7,21,17,38,2,1,4,3,4,3,65,3,7,3,1,7,1,2,5,4,6,3,5,5,6,5,5,6,2,6,6,2,6,6,6,5,6,5,6,6,6,5,2,6,5,6,100,0,6,1,7,1,6,6,4,6,6,5,5,6,2,6,6,2,6,6,6,5,6,5,5,3,6,6,5,5,5,6,90,10,6,3,2,3,4,NaN,NaN,5.6,5.8,4.4,6.8,1.4,6.4,1.8,6.2,1.8,2.6,5.2,4.8,6.4,6.4,2.4,1.4,1.4,1.6,1.2,82.4,17.8,1.8,1.6,3.8,2,4.2,2.6,2.4,3.4,346.2,145.6,4.2,4,3.8,3,2.2,-16.31868782,-0.712524168,9.648817996,-32.08933966
364,164,42,64,1,1,4,6,7,4,4,5,5,1,7,1,7,NaN,NaN,3,3,4,2,4,4,5,4,4,3,4,2,4,4,4,2,4,3,4,4,2,2,2,4,3,4,3,4,4,4,2,4,4,1,4,7,5,5,6,4,1,2,4,2,2,4,5,6,7,16,15,16,16,15,16,16,16,16,14,16,16,16,16,15,5,3,1,3,5,4,2,3,1,3,4,5,4,3,2,3,2,1,4,2,4,1,79,2,3,5,1,7,2,1,5,1,6,5,1,3,4,4,5,6,NaN,2,6,22,84,36,2,1,NaN,NaN,1,NaN,NaN,NaN,NaN,4,79,56,32,24,9,9,12,9,12,14,13,27,2,1,3,4,4,2,79,1,1,6,1,7,1,3,4,5,6,1,6,7,5,7,4,6,4,5,5,7,4,6,6,1,6,6,6,6,6,2,5,6,6,6,100,0,6,1,7,1,4,7,3,3,5,6,6,6,6,3,3,6,4,5,6,5,5,6,6,3,6,4,4,5,5,4,91,0,4,3,2,5,1,NaN,NaN,5.6,5.2,5,6,1.6,5,2,5.8,1.8,1.8,4.6,2.6,5.8,5.6,2.6,1.6,1.8,1.4,1.4,80.8,23.8,2,2,3.8,2.4,5.6,2.2,1.6,3.2,316.2,202.8,3.8,4.6,3,2.2,2,-13.33826858,3.64623839,10.06054414,-34.07317581
365,165,43,65,0,1,1,1,4,7,5,5,3,7,4,1,6,NaN,NaN,4,5,3,2,4,5,4,4,4,2,4,5,3,3,3,5,5,5,3,2,5,5,4,4,5,4,5,3,4,2,3,3,2,4,4,7,7,7,1,1,1,1,1,1,1,1,1,7,7,17,17,13,17,16,16,15,17,17,13,13,16,17,15,16,5,4,5,3,5,5,2,5,1,5,3,5,3,1,1,4,1,1,4,4,1,4,52,5,1,7,1,3,7,4,7,1,7,7,1,7,1,1,1,6,1,1,7,1,100,33,2,1,NaN,NaN,NaN,NaN,NaN,1,NaN,7,55,48,30,18,15,11,13,12,10,21,22,43,1,5,4,4,4,1,42,5,4,7,1,6,1,3,4,3,7,3,7,7,5,3,5,1,1,7,7,4,5,5,5,1,6,7,6,7,7,1,1,7,7,7,100,0,7,1,7,5,5,5,5,5,6,7,1,5,5,6,5,4,4,7,7,1,7,7,7,5,7,4,5,5,7,6,96,5,5,3,2,NaN,NaN,3,3,6,6.2,5.8,6.4,3.2,5.4,3.6,4.4,4.2,2.2,5.6,3.8,6.2,6,2.2,1.4,1.4,1.4,1.4,87.6,9.4,1.4,2,3,2.2,6.6,2,1.6,3.2,434.2,169.2,4,6,2.8,1.8,2,-36.72966064,9.336214199,11.18562768,-54.78208501
366,166,44,66,1,1,5,5,7,1,5,1,7,1,7,7,7,NaN,NaN,4,3,5,3,5,1,5,2,1,1,5,5,5,5,5,1,1,1,5,3,1,1,1,4,2,4,2,4,1,5,2,5,4,2,6,4,4,5,5,2,7,6,7,7,7,2,7,3,4,13,13,16,16,17,16,16,17,17,17,14,16,17,14,17,1,2,5,3,1,2,5,3,5,1,5,1,2,3,3,4,2,1,4,3,4,4,40,5,1,7,1,7,7,1,7,5,2,1,6,1,6,5,7,2,6,4,7,80,20,29,1,1,NaN,1,NaN,NaN,NaN,1,NaN,1,29,74,7,22,4,11,14,14,7,11,9,20,2,5,3,3,4,2,40,6,3,7,1,7,2,2,6,3,6,3,7,7,6,6,3,6,2,7,7,4,4,7,7,1,7,7,7,6,7,5,2,7,2,7,90,10,6,1,7,2,6,7,3,6,7,7,1,6,2,6,7,4,4,7,7,1,7,7,7,5,7,6,1,6,3,7,85,15,6,4,2,2,1,NaN,NaN,6.2,6.4,6.2,5.2,1.8,4.8,1.8,6,1.8,1.4,6,2.4,6.2,6.2,2.8,1,1,1,1,89.6,8.8,2.6,2.4,3,3.8,4.6,1.6,1.4,2,453.8,301.8,2.6,6,2,1.4,1.4,-41.87761055,-17.44082966,-10.07183062,-52.40326587
367,167,45,67,1,1,3,6,4,1,5,1,5,6,4,1,7,NaN,NaN,2,2,4,2,4,5,5,5,5,4,5,4,5,5,5,2,2,2,5,5,2,2,3,3,4,3,4,2,4,2,4,2,2,4,5,7,3,6,1,3,1,1,2,1,1,3,3,6,7,17,17,16,14,14,16,16,17,17,14,16,17,17,13,16,5,1,1,5,5,5,1,2,5,5,5,5,4,4,4,3,3,1,4,4,4,2,50,2,3,7,1,3,7,5,7,3,5,2,3,5,6,5,7,5,5,6,2,52,13,40,1,1,NaN,NaN,NaN,NaN,NaN,1,NaN,4,92,63,31,32,12,6,14,14,13,21,24,45,2,2,4,3,4,2,50,3,2,6,2,6,2,3,6,3,7,1,6,6,7,7,2,6,2,6,6,2,3,7,7,1,7,7,7,7,7,2,1,7,1,7,93,10,3,2,6,2,7,1,7,7,7,7,1,7,1,7,7,2,2,7,7,1,7,7,7,6,7,2,1,7,1,7,90,4,5,4,3,4,1,NaN,NaN,5.6,5.6,5,5.8,2.2,5.4,2.2,6.2,2.2,1.6,5.6,4,6.2,6,2,1,1.2,1,1,85.8,6.8,2,1.2,3.8,2.2,3.6,1.6,1.4,2.8,414,154,5,5.6,3.2,2.6,1.6,-18.56703348,-6.325647346,-0.891223931,-29.54289678
368,168,46,68,1,1,2,5,7,1,7,3,7,1,7,7,7,NaN,NaN,3,3,2,2,3,4,4,4,4,4,4,3,4,4,4,2,2,2,5,5,1,1,2,4,2,3,3,4,2,4,2,4,4,2,5,5,6,4,5,2,4,3,5,5,5,4,5,4,3,14,14,16,15,15,16,16,15,16,14,17,17,17,14,17,4,2,2,4,5,4,2,2,2,4,4,4,4,4,3,3,3,2,2,3,2,3,81,2,4,4,1,5,6,5,7,3,5,3,5,5,4,3,5,5,3,4,5,30,70,24,2,1,1,NaN,NaN,NaN,NaN,1,NaN,2,88,57,29,28,6,8,11,14,14,14,12,26,2,2,2,3,2,3,71,3,4,4,1,6,1,1,NaN,NaN,5,4,4,6,6,6,2,4,2,6,6,4,4,6,6,4,6,6,7,7,7,6,3,6,2,6,100,0,6,2,7,3,6,5,4,6,6,6,2,6,2,6,6,4,4,6,6,2,6,6,3,4,6,6,6,2,2,6,95,5,6,3,2,2,2,NaN,NaN,4.6,4.6,2.6,6,2.4,6,2.2,5.8,1.8,2.8,3.6,4.2,5.8,6.4,2.6,1.4,1.6,1.8,1.4,65.8,35.2,1.8,1.2,4.2,1.8,3.6,2.8,2.2,3.8,377.4,160.4,4.6,3,4.4,3.2,2.6,-3.683724325,9.301230791,14.57780715,-5.017160679
369,169,47,69,1,1,5,6,7,5,6,5,5,2,6,1,7,NaN,NaN,2,2,2,4,2,4,4,4,4,4,4,2,5,4,4,2,2,1,4,4,1,1,3,4,3,4,4,3,4,3,3,2,2,2,5,5,6,3,5,3,1,1,4,4,3,4,5,4,3,16,16,14,14,13,16,15,15,17,14,14,14,15,16,15,4,2,3,4,4,5,3,2,2,2,5,2,4,4,2,4,3,2,2,2,3,1,45,5,4,4,2,6,6,3,7,5,3,4,4,3,6,4,6,5,5,4,3,40,50,24,1,1,NaN,1,NaN,NaN,NaN,NaN,NaN,6,52,90,22,30,12,5,11,8,8,17,20,37,2,3,3,3,3,1,40,5,5,5,1,7,1,2,4,3,6,3,5,6,5,5,2,6,1,6,6,2,5,5,6,2,7,7,6,6,6,3,2,6,2,6,100,0,7,4,7,2,5,6,5,6,6,6,2,7,2,6,5,6,2,6,6,5,6,6,6,6,7,5,3,6,2,6,30,70,6,4,2,2,2,NaN,NaN,4.4,5.4,3.8,5.6,2.8,4.6,3,4.2,2.4,2.4,4,2,5.8,5.2,2.6,1.2,1.2,1.2,1.2,75.6,26.8,2.2,1.4,3.6,2.4,4.6,1.8,2.2,3,408.4,253.2,3,2,3.6,2.8,2.4,-11.65219086,-0.335097408,13.68932186,-12.48060569
370,170,48,70,0,1,4,7,7,4,5,7,7,5,4,1,6,NaN,NaN,3,3,2,2,2,5,4,4,4,5,4,4,4,4,4,4,4,4,4,4,2,4,3,4,2,4,3,4,4,5,2,4,3,3,4,5,2,3,6,5,5,3,5,5,2,5,5,3,6,14,14,16,16,16,16,16,16,16,16,16,16,16,14,16,4,2,1,4,4,4,2,2,2,4,4,4,5,5,2,3,3,1,4,2,4,4,100,1,1,7,1,7,5,3,5,3,5,5,3,5,4,3,5,5,5,4,7,61,100,25,2,1,NaN,NaN,NaN,NaN,NaN,1,NaN,6,78,59,29,30,6,10,12,12,10,14,15,29,1,1,3,3,4,4,76,6,1,7,1,4,2,4,5,7,6,2,7,7,7,7,1,7,7,6,6,1,1,7,7,1,7,7,7,7,7,3,3,7,7,7,92,0,7,1,7,1,7,2,4,7,7,7,1,7,1,7,7,2,2,7,7,1,7,7,5,2,6,3,1,1,1,2,63,72,5,3,2,NaN,NaN,1,1,5.8,6,4,6.2,1.8,6.2,2,5.8,1.6,2.6,6,3.2,5.6,6,1.8,2.8,2.2,1.6,1.4,88,29.8,1.2,2,4.4,1.6,5.8,2.4,1.2,4.4,329.4,216.8,3.2,3.6,3.2,1.4,3,-30.01996255,-5.952148861,-0.821745459,-51.75397523
371,171,49,71,0,1,1,1,7,4,1,1,7,6,4,5,2,NaN,NaN,4,4,4,5,2,4,4,4,3,4,4,4,4,5,4,2,2,2,5,4,2,2,2,4,4,4,4,3,2,3,4,2,3,3,3,6,7,7,1,1,3,3,5,1,3,3,3,6,6,17,16,16,14,16,16,16,16,17,14,16,16,16,14,17,5,4,2,4,4,5,2,2,2,4,4,5,2,4,1,4,4,2,3,4,4,2,51,2,4,4,1,7,6,1,7,3,5,5,2,5,5,5,6,6,3,5,3,41,62,38,2,1,NaN,NaN,NaN,NaN,NaN,1,NaN,4,78,55,30,25,11,8,13,13,12,17,19,36,1,3,3,4,3,2,60,3,6,3,3,5,1,2,4,3,6,5,5,6,5,5,6,6,3,5,5,4,3,6,6,3,5,6,6,6,7,5,5,5,7,6,100,11,7,1,7,3,7,5,6,6,6,6,3,7,5,3,3,3,3,6,6,2,5,6,6,5,7,5,7,5,6,6,86,16,4,4,2,NaN,NaN,2,2,5.4,6,5,4.6,2.8,5,2.4,4.8,1.8,2,4.6,2,5.8,5.4,3.4,1,1,1,1,87.4,13.4,1.6,1.6,3.4,2.2,5,2,2.2,2.4,397,248.4,3.6,5.6,2.6,2,1.6,-23.88808259,-11.0389008,-0.093783084,-29.72751361
374,174,50,74A,0,0,2,3,6,1,7,3,5,4,3,2,6,NaN,NaN,3,2,2,3,2,5,4,4,4,4,4,2,4,5,4,2,2,2,4,4,2,2,4,4,2,4,3,3,3,3,2,4,3,2,5,3,5,5,5,2,2,2,6,6,5,3,6,5,3,16,15,15,16,15,16,14,17,17,16,17,16,16,17,16,5,2,2,4,4,4,2,2,2,5,4,5,3,3,1,3,4,4,4,4,4,3,20,5,3,3,1,7,7,5,7,4,4,5,3,6,2,1,5,7,2,4,3,80,50,29,2,1,NaN,NaN,NaN,NaN,NaN,1,NaN,7,88,57,31,26,10,9,12,9,11,16,15,31,1,1,4,4,4,3,20,4,3,3,1,7,1,1,NaN,NaN,5,6,3,5,5,5,2,5,1,5,5,2,2,6,5,2,6,6,6,3,6,5,2,5,2,6,100,5,7,4,7,1,5,3,6,6,6,6,5,6,1,6,6,2,2,6,6,5,6,6,2,1,3,6,3,2,2,6,90,10,7,3,3,NaN,NaN,1,2,5,4.2,3.2,6.4,2.2,6.4,2.6,5.6,2.4,2.6,4.2,3.6,5.8,6.4,1.4,2.6,2.8,1.6,2.2,71.4,50.4,1.6,1.2,4.2,1.6,4.8,3,1.8,4.2,272,105.6,3.8,2.6,4.8,2,3.6,-10.07974631,1.424726482,13.58341949,-5.341783331
375,175,51,75,1,0,5,2,4,5,4,5,2,1,7,7,7,NaN,NaN,5,4,4,3,4,4,5,5,5,5,5,5,5,5,5,2,2,3,5,5,1,1,3,3,4,3,4,3,4,2,2,3,2,3,5,3,4,4,6,5,2,2,7,2,1,4,2,6,4,17,17,15,16,16,14,17,17,17,16,16,15,17,15,16,2,1,5,4,3,5,4,3,4,3,2,3,1,2,1,4,4,1,4,3,4,3,50,2,1,7,1,5,6,2,7,3,6,4,3,6,5,1,5,7,5,2,5,70,10,26,2,1,NaN,NaN,NaN,NaN,NaN,1,NaN,6,38,86,16,22,13,12,15,12,9,20,20,40,2,1,4,3,4,3,50,2,3,6,1,5,2,1,5,4,7,2,6,7,7,7,4,4,2,7,7,1,2,7,7,1,7,7,7,7,7,3,3,7,3,7,100,0,5,2,7,2,6,3,6,7,6,6,6,6,4,5,5,1,1,7,7,3,6,6,6,3,7,4,3,5,3,7,100,0,6,4,3,2,3,NaN,NaN,5.8,5.6,3.2,6,2.6,6,2.8,5.8,3,1.8,4.8,2.8,6.2,6.4,1.8,1.2,1.4,1,1,86,24.2,1.6,1.2,4.2,1.6,2.8,2.4,1.6,3.8,319.2,158.6,2.8,3,3.4,2,2.4,-30.84818766,-17.69657656,-11.40533909,-46.69269784
442,242,52,42B,0,0,3,6,6,4,4,2,7,2,6,2,4,NaN,NaN,4,3,3,3,3,5,5,5,5,4,5,5,5,4,4,2,3,4,5,4,2,2,2,4,2,4,2,4,2,4,2,4,4,2,2,3,4,2,5,3,4,2,4,5,5,5,5,2,4,14,14,16,16,16,14,16,16,16,14,17,16,16,14,17,4,2,5,4,5,4,2,1,1,4,5,3,5,4,3,4,2,1,4,4,4,3,71,1,7,2,1,7,1,1,3,2,5,2,5,4,2,1,1,7,1,4,4,59,44,29,1,1,1,NaN,NaN,NaN,NaN,1,NaN,3,83,57,26,31,6,12,12,13,13,12,12,24,1,1,4,4,4,4,68,3,3,6,1,4,2,1,6,7,6,3,5,5,5,6,3,6,2,5,5,5,2,5,7,3,5,6,6,6,6,5,2,5,4,5,99,2,6,5,7,1,6,6,6,6,6,5,2,5,2,5,6,2,5,6,7,2,6,6,3,2,6,5,7,2,2,6,94,7,6,3,2,NaN,NaN,3,2,5.2,5.8,5.2,6.4,1.8,6,1.6,5.6,1.6,1.8,5.2,4.6,6,6,1.6,1.2,1.2,1.4,1,87,7.2,2,1.4,4,2.4,3.8,1.6,1,3,429,120.8,4.4,5.6,2.6,2,1.6,-24.10225227,-2.871395695,7.151955658,-38.34073534
448,248,53,48B,0,0,2,5,7,2,5,4,5,3,3,7,7,NaN,NaN,4,3,4,4,3,5,4,5,4,4,5,4,3,4,4,5,5,4,4,3,2,2,2,4,3,4,2,3,4,3,2,3,3,1,5,4,3,3,6,7,4,6,5,4,2,1,2,3,5,17,16,16,17,15,15,17,17,16,17,16,16,15,14,16,3,5,4,3,4,4,3,4,3,3,2,3,1,4,4,3,2,2,4,4,3,3,75,2,2,6,1,5,7,4,7,5,7,5,5,4,5,2,5,7,3,4,4,40,60,29,2,1,1,NaN,NaN,NaN,NaN,1,1,5,71,38,21,17,11,11,14,11,9,14,16,30,1,2,4,4,4,3,60,2,3,6,1,6,1,2,4,3,6,4,5,6,6,6,1,4,1,5,6,2,2,7,7,1,7,7,7,7,7,4,4,6,5,6,100,0,7,3,7,3,4,5,4,4,5,7,5,7,5,2,4,2,2,6,7,5,4,7,5,2,6,6,5,5,5,7,80,20,7,3,2,NaN,NaN,3,4,3.4,2.8,2.2,6,2.6,6.2,2.4,4.4,2,4.4,3.2,2.4,6.2,6.2,1.6,2.2,1.8,2,1.8,32.6,72.4,1.4,1.2,4.2,1.4,3,3.2,3,4.4,129.8,132.4,6.6,1.2,5.6,3.4,4,9.537298216,20.20743132,30.366772,16.02685643
451,251,54,51B,0,0,5,6,6,2,6,1,6,1,6,5,6,NaN,NaN,4,2,2,2,4,4,4,4,4,4,5,3,3,4,4,2,2,2,4,4,2,2,2,3,3,4,4,3,4,3,3,3,2,3,3,4,6,5,4,3,4,4,6,4,3,4,3,4,4,15,15,16,15,14,16,16,16,17,14,16,16,17,15,17,3,2,3,3,4,4,3,2,3,4,4,4,4,3,3,3,2,1,2,3,2,3,71,3,3,5,1,7,2,2,6,5,5,2,5,3,5,3,5,6,5,4,6,50,50,24,2,1,NaN,NaN,NaN,NaN,NaN,1,NaN,3,50,83,24,26,8,7,13,13,12,17,20,37,1,5,2,3,4,2,61,4,5,5,1,6,2,3,5,3,4,6,5,5,5,5,5,5,4,5,5,6,2,6,6,3,5,6,6,6,6,4,4,6,5,6,99,0,6,3,7,2,5,6,4,5,5,5,6,5,6,4,5,6,2,6,6,5,5,6,6,6,6,6,6,5,5,6,80,20,6,3,2,NaN,NaN,4,4,5.4,5.6,5,4.8,3.4,4.6,3.8,4.2,3.8,2.6,4.8,1.8,6.2,4.8,3.2,1.2,1.2,1.2,1.2,76.6,16.6,2,1.6,3.4,2.4,3.8,2,2.8,2.6,307.2,339,4.6,4,4,2.6,2.8,-6.844914649,15.36392553,20.27678074,-38.88472135
452,252,55,52B,0,0,3,6,5,3,4,2,4,4,3,3,3,NaN,NaN,3,3,4,2,4,4,4,4,4,2,4,4,4,5,4,3,4,4,4,4,2,2,2,4,2,5,2,4,2,4,2,4,4,2,5,5,3,2,6,4,5,5,7,7,6,5,4,2,3,16,14,17,16,14,16,16,17,16,15,16,16,16,15,16,5,3,2,5,4,3,2,3,1,5,5,4,4,5,4,3,2,1,4,2,4,3,65,2,3,7,1,5,6,1,6,5,3,1,6,2,3,2,5,5,3,4,5,40,70,39,2,1,NaN,NaN,NaN,1,NaN,1,NaN,3,74,59,31,28,7,8,13,11,11,11,12,23,1,3,4,2,4,2,65,3,5,4,2,7,1,3,5,3,3,7,3,3,5,5,5,5,3,4,3,4,4,6,6,5,6,6,5,4,6,5,4,5,5,4,84,17,3,2,7,5,7,5,7,7,6,7,1,6,2,7,7,5,3,5,6,1,6,7,6,7,7,6,4,6,4,5,94,5,4,3,2,NaN,NaN,3,2,7,6.8,6.8,6.2,1.4,5.4,1.2,6.6,1.4,1.6,7,2.2,6.6,5.4,2.4,1,1,1,1,98.4,3,1.8,3.8,1.4,5.4,4,1.4,1.2,2,484.2,221.8,2.8,6.6,1.4,1.2,1,-48.94322863,-15.21756961,-14.16650362,-65.57872996
454,254,56,54B,0,0,4,3,5,7,6,7,6,6,6,1,7,NaN,NaN,3,3,4,4,4,4,5,5,5,5,5,2,4,4,4,2,1,1,4,5,1,1,2,4,2,4,2,4,3,4,2,4,4,2,2,4,6,4,4,4,3,4,6,5,5,3,4,4,3,17,15,16,15,16,14,17,17,17,14,17,17,15,16,15,5,1,1,4,5,5,1,1,1,5,3,5,5,5,4,4,1,1,2,3,2,3,70,2,2,6,1,3,7,4,7,2,4,1,6,2,4,3,4,7,1,3,7,10,90,24,2,1,NaN,NaN,NaN,NaN,NaN,1,NaN,7,90,67,35,32,10,11,15,8,14,12,13,25,1,2,3,3,3,3,70,2,7,2,1,3,2,1,5,4,6,3,6,6,6,6,2,6,2,6,6,3,5,6,6,2,6,6,6,6,6,3,4,6,4,6,100,0,6,3,7,2,4,5,4,4,6,3,4,7,2,4,4,3,5,6,6,2,6,6,4,3,5,4,4,4,3,6,60,15,2,4,1,NaN,NaN,3,3,4.2,4.2,3.2,6,4,5.4,4,3.6,3.2,3.6,4,6,6.2,5.8,3,1.8,1.8,1.8,1.2,69.4,35.2,1.6,1.4,4,1.6,5.4,2.4,2.4,3,325.2,176.6,6,3,3.8,2.4,2.4,-12.46780886,-1.22577515,8.51223195,-24.34492842
457,257,57,57B,0,0,1,2,6,6,5,7,5,7,7,1,7,NaN,NaN,3,2,2,1,2,5,5,5,5,5,5,1,5,5,5,1,1,1,5,5,1,1,1,4,2,3,2,4,2,4,2,5,3,2,5,1,7,6,7,1,7,2,4,2,7,5,5,7,2,17,16,17,16,16,16,17,17,17,13,17,17,17,14,17,4,2,1,5,5,5,2,2,1,4,4,5,5,5,2,4,2,2,3,4,4,3,70,6,3,7,2,6,7,2,7,6,2,2,6,2,6,4,6,7,2,4,5,80,60,24,1,1,NaN,1,NaN,NaN,NaN,1,NaN,7,105,64,32,32,10,10,15,14,15,12,12,24,1,1,4,4,4,3,75,3,7,2,1,7,1,2,7,5,7,5,7,7,7,7,5,6,1,7,7,1,1,7,7,1,7,7,7,7,7,2,2,7,2,7,100,0,5,3,6,6,7,5,7,7,7,7,1,7,1,7,7,1,1,7,7,1,7,7,7,7,7,6,2,5,2,7,100,5,5,3,3,NaN,NaN,3,3,6.2,6.2,5.6,6.2,2.2,5.6,1.8,5.6,2.4,1.6,5,2,6.2,5.8,2,1,1,1,1,89.8,2.4,4.6,1.4,3.8,4.4,5.2,1.6,1.2,2.2,435.8,176.6,3.6,5.6,2,1.6,1.4,-23.37815203,-8.655127748,-7.005803571,-28.74600451
458,258,58,58B,0,0,2,5,5,1,7,1,7,1,6,7,6,NaN,NaN,2,3,4,4,5,4,2,3,3,2,4,5,3,4,5,3,2,3,5,5,3,4,5,5,1,5,5,5,5,5,1,5,5,1,3,7,7,7,1,1,1,1,1,1,1,1,1,7,7,17,16,16,17,17,13,17,17,17,13,17,17,17,13,16,5,1,1,5,5,5,1,1,1,5,5,5,5,5,3,2,1,1,2,3,3,3,43,3,2,4,1,1,2,1,3,4,7,7,3,5,4,1,6,5,1,2,7,37,77,35,2,1,NaN,NaN,NaN,NaN,NaN,1,NaN,2,68,70,35,35,11,15,15,14,15,14,10,24,1,1,3,3,2,3,79,1,2,7,1,5,4,1,5,6,5,6,3,4,7,7,1,6,2,7,6,3,2,7,7,1,7,7,7,7,7,3,7,7,7,7,92,6,7,7,7,7,1,7,1,1,7,5,6,7,4,3,1,1,6,7,5,6,7,6,2,1,5,7,7,1,2,7,13,88,7,4,1,NaN,NaN,4,3,3.8,3,1.6,6.2,1.8,6.6,2.4,6.2,1.8,4.6,3.4,4,4,6.2,1,4.8,3.2,4.4,2.6,31.6,68.2,1.2,1.4,4.4,1,1.8,4,1.8,4.8,113.2,75.2,6.8,1.2,6,2.4,4.4,13.91924266,37.10583622,41.25595336,25.0532408
460,260,59,60B,0,0,5,5,6,2,6,1,7,2,6,3,5,NaN,NaN,2,2,2,2,1,4,4,4,4,4,4,2,4,3,4,2,2,2,4,4,2,3,4,2,4,2,4,2,4,2,4,2,3,5,3,6,5,5,2,2,2,2,1,2,1,2,4,6,2,17,17,14,15,14,16,14,15,16,15,17,17,16,14,16,4,4,2,4,4,4,2,2,2,4,4,4,4,4,2,3,2,3,4,3,4,3,64,4,2,6,1,5,5,1,6,3,6,6,3,6,4,4,5,5,2,4,4,64,37,24,2,1,NaN,1,NaN,NaN,NaN,NaN,NaN,3,54,87,28,26,14,7,9,12,13,24,24,48,1,3,3,3,3,1,50,3,4,5,1,6,1,3,5,3,6,2,6,6,6,6,4,6,3,6,6,5,3,6,6,2,6,6,6,6,6,2,2,6,6,5,91,9,6,2,7,2,6,5,4,6,6,6,5,6,4,5,6,2,2,6,6,2,6,6,6,6,6,4,2,6,5,5,69,31,5,3,2,NaN,NaN,4,4,5.8,5.6,5,4.8,3.4,5,2.8,4.4,3.6,1.8,4.8,2.2,6,4.6,3.8,1.2,1.2,1.4,1.2,85.4,22.4,2.2,2,3.8,2.4,4.2,2,2.6,2.4,382.4,356.4,3.6,6,2.2,2.4,1.6,-26.04723184,-7.123981039,0.415777072,-32.19194857
462,262,60,62B,0,0,2,1,5,1,5,1,5,1,5,7,5,NaN,NaN,4,4,4,4,4,2,2,2,2,2,2,4,2,2,2,4,4,4,2,2,4,4,1,5,1,5,1,5,1,5,1,5,5,1,7,7,7,7,1,1,1,1,1,1,1,1,1,7,7,14,14,16,17,17,13,13,13,13,13,17,17,17,13,17,4,2,2,4,4,4,2,4,2,4,4,4,4,4,2,4,3,1,1,4,1,4,75,1,1,7,1,2,7,6,7,2,6,6,2,6,1,1,1,7,1,2,6,20,80,39,2,1,NaN,NaN,NaN,NaN,NaN,1,NaN,1,44,54,28,26,6,15,3,15,15,6,6,12,1,1,4,4,4,4,80,2,1,7,1,2,4,2,7,6,7,1,7,7,7,7,1,7,1,7,7,1,1,7,7,1,7,7,7,7,7,1,1,7,1,7,100,0,6,5,7,2,7,5,2,7,7,7,1,7,2,6,6,1,1,7,7,1,6,6,3,3,3,5,7,1,1,7,100,0,6,3,1,NaN,NaN,5,1,6,6.2,5.6,6.6,1.6,6,1.6,6.2,1.6,1.8,5.8,4.8,6,6.4,1.8,1.6,1.2,1.4,1.2,86.6,8,1.6,1.6,4.6,1.6,2.2,3,1.2,3,249.4,149.6,3.2,6,2.6,1.6,1.8,-21.43410439,-6.878429521,-0.331609703,-33.27234842
474,274,61,74B,0,0,2,4,6,1,7,3,4,1,5,3,6,NaN,NaN,2,2,1,4,4,5,4,5,3,4,5,4,5,5,5,2,2,4,5,5,1,1,4,2,4,4,4,2,1,5,2,5,4,1,6,2,1,1,7,4,5,3,4,7,7,5,5,1,1,13,13,16,16,16,16,17,17,17,17,17,16,17,17,17,3,2,4,5,3,4,4,3,4,3,4,2,4,4,2,2,2,1,3,2,1,1,15,1,4,1,1,6,7,1,7,1,5,1,5,1,1,1,7,6,1,1,7,2,98,36,1,1,NaN,NaN,NaN,NaN,NaN,1,NaN,3,90,45,17,28,4,10,15,11,10,22,8,30,1,1,3,2,3,1,30,1,1,7,1,7,4,1,7,5,7,5,6,7,7,7,1,4,1,7,7,1,1,7,7,2,6,6,7,7,7,4,5,6,1,7,100,0,6,3,6,1,6,7,2,6,6,6,1,7,1,4,5,2,2,3,5,7,7,7,1,1,6,4,7,1,1,7,68,27,7,3,1,NaN,NaN,3,1,6.2,5.8,2.6,6,2,5.4,1.8,5.6,1.8,1.8,5.4,4,5.8,6.4,1.8,1.4,1.2,1.2,1.2,90,29,1.6,1,4,1.6,3.6,2.8,1.4,3.8,378.2,161.2,3.8,2.8,3.4,3,2.4,-21.12018091,5.246291547,10.00034137,-33.01536103
